infMethod,nDocs,time
Lightweight_MH,5,1.347470616
Lightweight_MH,5,1.292191523
Lightweight_MH,5,1.425568151
Lightweight_MH,5,1.449530642
Lightweight_MH,5,1.442783494
Lightweight_MH,5,1.381975995
Lightweight_MH,5,1.454231367
Lightweight_MH,5,1.51530532
Lightweight_MH,5,1.347228771
Lightweight_MH,5,1.537524684
Lightweight_MH,5,1.479259087
Lightweight_MH,5,1.609183361
Lightweight_MH,5,1.53352977
Lightweight_MH,5,1.520059842
Lightweight_MH,5,1.528561944
Lightweight_MH,5,1.528837775
Lightweight_MH,5,1.535385308
Lightweight_MH,5,1.523748589
Lightweight_MH,5,1.475964649
Lightweight_MH,5,1.467292262
Lightweight_MH,10,2.6366095229999997
Lightweight_MH,10,2.692185478
Lightweight_MH,10,2.574544687
Lightweight_MH,10,2.552223322
Lightweight_MH,10,2.687276892
Lightweight_MH,10,2.701164312
Lightweight_MH,10,2.783823617
Lightweight_MH,10,2.716765252
Lightweight_MH,10,3.070980706
Lightweight_MH,10,2.8636843130000003
Lightweight_MH,10,2.992703575
Lightweight_MH,10,3.130510008
Lightweight_MH,10,3.219857133
Lightweight_MH,10,2.968135497
Lightweight_MH,10,3.094606357
Lightweight_MH,10,2.922643603
Lightweight_MH,10,3.140332105
Lightweight_MH,10,3.260016665
Lightweight_MH,10,3.224633852
Lightweight_MH,10,3.3021092
Lightweight_MH,15,4.505693351
Lightweight_MH,15,4.537078083
Lightweight_MH,15,4.701474343
Lightweight_MH,15,4.855837425
Lightweight_MH,15,4.916654422
Lightweight_MH,15,5.112626019
Lightweight_MH,15,4.698391331
Lightweight_MH,15,4.625942229
Lightweight_MH,15,4.999347976
Lightweight_MH,15,4.951969149
Lightweight_MH,15,5.147246155
Lightweight_MH,15,5.028369009
Lightweight_MH,15,5.428961721
Lightweight_MH,15,5.240273506
Lightweight_MH,15,5.053461651
Lightweight_MH,15,5.027155564
Lightweight_MH,15,5.086674747
Lightweight_MH,15,5.233146674
Lightweight_MH,15,5.40876836
Lightweight_MH,15,5.247486587
Lightweight_MH,20,7.362986352
Lightweight_MH,20,7.394806533
Lightweight_MH,20,6.6168724789999995
Lightweight_MH,20,6.8822313489999996
Lightweight_MH,20,7.2967803700000005
Lightweight_MH,20,7.103852735
Lightweight_MH,20,7.781341467
Lightweight_MH,20,7.289544436
Lightweight_MH,20,7.854641653
Lightweight_MH,20,7.629423754
Lightweight_MH,20,6.821709707
Lightweight_MH,20,7.053631692
Lightweight_MH,20,7.146665771
Lightweight_MH,20,7.202544261
Lightweight_MH,20,7.445991177
Lightweight_MH,20,7.6555695230000005
Lightweight_MH,20,7.994874913
Lightweight_MH,20,8.373730857
Lightweight_MH,20,8.69823134
Lightweight_MH,20,7.086440268
Lightweight_MH,25,9.169278376
Lightweight_MH,25,9.725051714
Lightweight_MH,25,9.343431825
Lightweight_MH,25,9.82706859
Lightweight_MH,25,10.030363271
Lightweight_MH,25,10.6217546
Lightweight_MH,25,11.349325451
Lightweight_MH,25,10.019509605
Lightweight_MH,25,9.388895602
Lightweight_MH,25,9.82147246
Lightweight_MH,25,9.919482443
Lightweight_MH,25,9.884614045
Lightweight_MH,25,10.578840737
Lightweight_MH,25,11.024069031
Lightweight_MH,25,10.974648912
Lightweight_MH,25,8.693473976
Lightweight_MH,25,9.215770473
Lightweight_MH,25,9.255987358
Lightweight_MH,25,9.851862687
Lightweight_MH,25,10.386838777
Lightweight_MH,30,12.94336474
Lightweight_MH,30,13.353589978
Lightweight_MH,30,12.517580294
Lightweight_MH,30,11.356210511
Lightweight_MH,30,11.673295893
Lightweight_MH,30,12.300026853
Lightweight_MH,30,12.901565099
Lightweight_MH,30,13.243099811
Lightweight_MH,30,13.297452911
Lightweight_MH,30,10.992644481
Lightweight_MH,30,11.28756227
Lightweight_MH,30,11.945590473
Lightweight_MH,30,12.298911113
Lightweight_MH,30,12.615825693
Lightweight_MH,30,12.617369364
Lightweight_MH,30,13.336585287
Lightweight_MH,30,10.933202525
Lightweight_MH,30,11.689007806
Lightweight_MH,30,12.016559588
Lightweight_MH,30,12.23506693
Lightweight_MH,35,15.654460656
Lightweight_MH,35,16.826239058
Lightweight_MH,35,12.953666897
Lightweight_MH,35,13.249305524
Lightweight_MH,35,14.357992333
Lightweight_MH,35,15.180731806
Lightweight_MH,35,15.82338403
Lightweight_MH,35,15.886480531
Lightweight_MH,35,13.091359937
Lightweight_MH,35,14.301302641
Lightweight_MH,35,14.67146882
Lightweight_MH,35,15.48870033
Lightweight_MH,35,15.425694123
Lightweight_MH,35,14.248870466
Lightweight_MH,35,13.475814903
Lightweight_MH,35,14.179878655
Lightweight_MH,35,15.548265965
Lightweight_MH,35,15.560762185
Lightweight_MH,35,16.108033854
Lightweight_MH,35,13.015547729
Lightweight_MH,40,16.31797018
Lightweight_MH,40,16.9070914
Lightweight_MH,40,17.906611103
Lightweight_MH,40,18.553740042
Lightweight_MH,40,15.568064624
Lightweight_MH,40,15.340601506
Lightweight_MH,40,17.123462033
Lightweight_MH,40,17.785893679
Lightweight_MH,40,18.341828122
Lightweight_MH,40,15.416901049
Lightweight_MH,40,16.495168727
Lightweight_MH,40,17.537975856
Lightweight_MH,40,18.168955789
Lightweight_MH,40,15.971444181
Lightweight_MH,40,15.396949904
Lightweight_MH,40,15.666714724
Lightweight_MH,40,16.552996823
Lightweight_MH,40,17.695323255
Lightweight_MH,40,15.646454448
Lightweight_MH,40,15.020761223
Lightweight_MH,45,18.23765099
Lightweight_MH,45,19.634248146
Lightweight_MH,45,19.088866966
Lightweight_MH,45,16.839924995
Lightweight_MH,45,17.943850397
Lightweight_MH,45,19.538131726
Lightweight_MH,45,19.106069911
Lightweight_MH,45,17.298287846
Lightweight_MH,45,18.050373901
Lightweight_MH,45,19.074672663
Lightweight_MH,45,20.068780928
Lightweight_MH,45,17.077730745
Lightweight_MH,45,17.96141755
Lightweight_MH,45,19.06393961
Lightweight_MH,45,19.816102784999998
Lightweight_MH,45,16.447258257
Lightweight_MH,45,17.909025532
Lightweight_MH,45,19.160889448
Lightweight_MH,45,20.726869773
Lightweight_MH,45,16.864132526
Lightweight_MH,50,20.067237818
Lightweight_MH,50,22.088999192
Lightweight_MH,50,22.139507377
Lightweight_MH,50,19.875908207
Lightweight_MH,50,21.313366414
Lightweight_MH,50,22.421351908
Lightweight_MH,50,19.449802555
Lightweight_MH,50,19.71391155
Lightweight_MH,50,21.420554252
Lightweight_MH,50,22.669712593
Lightweight_MH,50,18.941206995
Lightweight_MH,50,19.92448854
Lightweight_MH,50,22.270077468
Lightweight_MH,50,19.943024321
Lightweight_MH,50,19.685487412
Lightweight_MH,50,22.478633754
Lightweight_MH,50,23.693645601
Lightweight_MH,50,19.643273369
Lightweight_MH,50,21.140254348
Lightweight_MH,50,22.788075579
Lightweight_MH_CPS,5,1.547376015
Lightweight_MH_CPS,5,1.5452745719999998
Lightweight_MH_CPS,5,1.621005491
Lightweight_MH_CPS,5,1.5551605149999999
Lightweight_MH_CPS,5,1.198663531
Lightweight_MH_CPS,5,1.208422099
Lightweight_MH_CPS,5,1.2691536239999999
Lightweight_MH_CPS,5,1.25713268
Lightweight_MH_CPS,5,1.285590949
Lightweight_MH_CPS,5,1.246803489
Lightweight_MH_CPS,5,1.288919078
Lightweight_MH_CPS,5,1.254835131
Lightweight_MH_CPS,5,1.242139769
Lightweight_MH_CPS,5,1.31315668
Lightweight_MH_CPS,5,1.175603553
Lightweight_MH_CPS,5,1.2704828240000001
Lightweight_MH_CPS,5,1.333832091
Lightweight_MH_CPS,5,1.251019695
Lightweight_MH_CPS,5,1.3821566650000001
Lightweight_MH_CPS,5,1.374906361
Lightweight_MH_CPS,10,2.234176611
Lightweight_MH_CPS,10,2.270418153
Lightweight_MH_CPS,10,2.214622285
Lightweight_MH_CPS,10,2.3595547789999998
Lightweight_MH_CPS,10,2.366971405
Lightweight_MH_CPS,10,2.332712122
Lightweight_MH_CPS,10,2.347035229
Lightweight_MH_CPS,10,2.353528185
Lightweight_MH_CPS,10,2.510918044
Lightweight_MH_CPS,10,2.492080929
Lightweight_MH_CPS,10,2.472199785
Lightweight_MH_CPS,10,2.668300549
Lightweight_MH_CPS,10,1.9614914350000001
Lightweight_MH_CPS,10,1.949976055
Lightweight_MH_CPS,10,1.9923067209999998
Lightweight_MH_CPS,10,1.9677751300000001
Lightweight_MH_CPS,10,2.038806657
Lightweight_MH_CPS,10,1.942788535
Lightweight_MH_CPS,10,2.091095074
Lightweight_MH_CPS,10,2.168411096
Lightweight_MH_CPS,15,2.907141152
Lightweight_MH_CPS,15,3.026290994
Lightweight_MH_CPS,15,2.914937482
Lightweight_MH_CPS,15,3.018937544
Lightweight_MH_CPS,15,3.189751904
Lightweight_MH_CPS,15,3.227106833
Lightweight_MH_CPS,15,3.116694338
Lightweight_MH_CPS,15,2.719201116
Lightweight_MH_CPS,15,2.7332985340000002
Lightweight_MH_CPS,15,2.786176862
Lightweight_MH_CPS,15,2.8035156409999997
Lightweight_MH_CPS,15,2.916398338
Lightweight_MH_CPS,15,2.8759786050000002
Lightweight_MH_CPS,15,2.827737311
Lightweight_MH_CPS,15,2.87797938
Lightweight_MH_CPS,15,2.957032956
Lightweight_MH_CPS,15,3.13643038
Lightweight_MH_CPS,15,2.989996598
Lightweight_MH_CPS,15,2.626214123
Lightweight_MH_CPS,15,2.6340112490000003
Lightweight_MH_CPS,20,3.685399557
Lightweight_MH_CPS,20,3.55939888
Lightweight_MH_CPS,20,3.74463154
Lightweight_MH_CPS,20,3.814392523
Lightweight_MH_CPS,20,3.993739251
Lightweight_MH_CPS,20,3.715439853
Lightweight_MH_CPS,20,3.753132384
Lightweight_MH_CPS,20,3.300805417
Lightweight_MH_CPS,20,3.325644612
Lightweight_MH_CPS,20,3.488034311
Lightweight_MH_CPS,20,3.6875295230000003
Lightweight_MH_CPS,20,3.703192508
Lightweight_MH_CPS,20,3.7757267519999997
Lightweight_MH_CPS,20,4.032163599
Lightweight_MH_CPS,20,3.9293727819999997
Lightweight_MH_CPS,20,4.064671819
Lightweight_MH_CPS,20,3.509058269
Lightweight_MH_CPS,20,3.744832996
Lightweight_MH_CPS,20,3.5762175000000003
Lightweight_MH_CPS,20,3.650435061
Lightweight_MH_CPS,25,4.597224088
Lightweight_MH_CPS,25,4.854636918
Lightweight_MH_CPS,25,4.93577449
Lightweight_MH_CPS,25,4.85545556
Lightweight_MH_CPS,25,5.045284306
Lightweight_MH_CPS,25,4.419802292
Lightweight_MH_CPS,25,4.581527359
Lightweight_MH_CPS,25,4.730931473
Lightweight_MH_CPS,25,4.870458062
Lightweight_MH_CPS,25,5.03826695
Lightweight_MH_CPS,25,5.090627135
Lightweight_MH_CPS,25,5.144488892
Lightweight_MH_CPS,25,5.285725888
Lightweight_MH_CPS,25,4.88830297
Lightweight_MH_CPS,25,4.250302695
Lightweight_MH_CPS,25,4.403933187
Lightweight_MH_CPS,25,4.291174068
Lightweight_MH_CPS,25,4.995206624
Lightweight_MH_CPS,25,4.684850517
Lightweight_MH_CPS,25,4.902335475
Lightweight_MH_CPS,30,5.868506195
Lightweight_MH_CPS,30,6.555403848
Lightweight_MH_CPS,30,5.569856636
Lightweight_MH_CPS,30,5.307716306
Lightweight_MH_CPS,30,5.666119769
Lightweight_MH_CPS,30,5.550919931
Lightweight_MH_CPS,30,5.809976049
Lightweight_MH_CPS,30,6.118160486
Lightweight_MH_CPS,30,6.412100488
Lightweight_MH_CPS,30,6.187681024
Lightweight_MH_CPS,30,5.876632867
Lightweight_MH_CPS,30,5.31563869
Lightweight_MH_CPS,30,5.492062067
Lightweight_MH_CPS,30,5.825197145
Lightweight_MH_CPS,30,5.829554914
Lightweight_MH_CPS,30,6.129799896
Lightweight_MH_CPS,30,6.302500592
Lightweight_MH_CPS,30,6.265979112
Lightweight_MH_CPS,30,6.599557721
Lightweight_MH_CPS,30,5.470147525
Lightweight_MH_CPS,35,6.762203325
Lightweight_MH_CPS,35,7.144498064
Lightweight_MH_CPS,35,7.391624697
Lightweight_MH_CPS,35,7.696629396
Lightweight_MH_CPS,35,8.315174623
Lightweight_MH_CPS,35,8.395021261
Lightweight_MH_CPS,35,8.556872579
Lightweight_MH_CPS,35,6.7932865289999995
Lightweight_MH_CPS,35,7.090877754
Lightweight_MH_CPS,35,7.188460449
Lightweight_MH_CPS,35,7.349791205
Lightweight_MH_CPS,35,7.758700145
Lightweight_MH_CPS,35,7.896346996
Lightweight_MH_CPS,35,8.491001826
Lightweight_MH_CPS,35,8.766844061
Lightweight_MH_CPS,35,7.770964372
Lightweight_MH_CPS,35,6.887525721
Lightweight_MH_CPS,35,7.119734288
Lightweight_MH_CPS,35,7.596440462
Lightweight_MH_CPS,35,8.117465239
Lightweight_MH_CPS,40,9.481483863
Lightweight_MH_CPS,40,9.797231895
Lightweight_MH_CPS,40,9.927479546
Lightweight_MH_CPS,40,10.278002708
Lightweight_MH_CPS,40,8.042620494
Lightweight_MH_CPS,40,8.410962822
Lightweight_MH_CPS,40,8.793716102
Lightweight_MH_CPS,40,9.336448786
Lightweight_MH_CPS,40,9.394305381
Lightweight_MH_CPS,40,10.000479609
Lightweight_MH_CPS,40,11.007859482
Lightweight_MH_CPS,40,10.51208785
Lightweight_MH_CPS,40,8.123496393
Lightweight_MH_CPS,40,8.458774617
Lightweight_MH_CPS,40,8.66484916
Lightweight_MH_CPS,40,9.348140866
Lightweight_MH_CPS,40,9.771349004
Lightweight_MH_CPS,40,10.302100355
Lightweight_MH_CPS,40,10.840578889
Lightweight_MH_CPS,40,10.904692383
Lightweight_MH_CPS,45,9.981238524
Lightweight_MH_CPS,45,9.733021291
Lightweight_MH_CPS,45,10.044436949
Lightweight_MH_CPS,45,11.439385506
Lightweight_MH_CPS,45,11.188497013
Lightweight_MH_CPS,45,12.006331014
Lightweight_MH_CPS,45,12.099820875
Lightweight_MH_CPS,45,12.275415169
Lightweight_MH_CPS,45,9.571414689000001
Lightweight_MH_CPS,45,10.212106775
Lightweight_MH_CPS,45,10.921083996
Lightweight_MH_CPS,45,11.017562442
Lightweight_MH_CPS,45,11.113540518
Lightweight_MH_CPS,45,11.833436055
Lightweight_MH_CPS,45,11.858164562
Lightweight_MH_CPS,45,10.19685285
Lightweight_MH_CPS,45,9.28924535
Lightweight_MH_CPS,45,9.712937376
Lightweight_MH_CPS,45,10.383793427
Lightweight_MH_CPS,45,10.835503989
Lightweight_MH_CPS,50,13.346530121
Lightweight_MH_CPS,50,13.675885502
Lightweight_MH_CPS,50,13.369361258
Lightweight_MH_CPS,50,10.721655356
Lightweight_MH_CPS,50,11.498904311
Lightweight_MH_CPS,50,12.004698345
Lightweight_MH_CPS,50,12.704496051
Lightweight_MH_CPS,50,13.576919893
Lightweight_MH_CPS,50,13.483199215
Lightweight_MH_CPS,50,12.846679921
Lightweight_MH_CPS,50,11.203560169
Lightweight_MH_CPS,50,10.925579314
Lightweight_MH_CPS,50,13.085405392
Lightweight_MH_CPS,50,13.332022775
Lightweight_MH_CPS,50,13.668079343
Lightweight_MH_CPS,50,15.010188948
Lightweight_MH_CPS,50,10.726646231
Lightweight_MH_CPS,50,10.996331781
Lightweight_MH_CPS,50,11.874751585
Lightweight_MH_CPS,50,12.765719545
Incremental_MH,5,0.307104275
Incremental_MH,5,0.273532197
Incremental_MH,5,0.263715934
Incremental_MH,5,0.279454835
Incremental_MH,5,0.26512246
Incremental_MH,5,0.25715553
Incremental_MH,5,0.252795089
Incremental_MH,5,0.254820376
Incremental_MH,5,0.297971773
Incremental_MH,5,0.260582965
Incremental_MH,5,0.258117851
Incremental_MH,5,0.255927578
Incremental_MH,5,0.261686139
Incremental_MH,5,0.24942245
Incremental_MH,5,0.246384356
Incremental_MH,5,0.26231495
Incremental_MH,5,0.25996645
Incremental_MH,5,0.25382348
Incremental_MH,5,0.250772769
Incremental_MH,5,0.25604432
Incremental_MH,10,0.250917803
Incremental_MH,10,0.247757741
Incremental_MH,10,0.243992583
Incremental_MH,10,0.252714867
Incremental_MH,10,0.242743614
Incremental_MH,10,0.253060704
Incremental_MH,10,0.252479637
Incremental_MH,10,0.251669392
Incremental_MH,10,0.275654943
Incremental_MH,10,0.275996105
Incremental_MH,10,0.268409961
Incremental_MH,10,0.255181263
Incremental_MH,10,0.253329872
Incremental_MH,10,0.266016043
Incremental_MH,10,0.254517203
Incremental_MH,10,0.259830418
Incremental_MH,10,0.260256266
Incremental_MH,10,0.262451854
Incremental_MH,10,0.259277865
Incremental_MH,10,0.259921834
Incremental_MH,15,0.288528133
Incremental_MH,15,0.28576807
Incremental_MH,15,0.277196522
Incremental_MH,15,0.260955875
Incremental_MH,15,0.285357862
Incremental_MH,15,0.273619697
Incremental_MH,15,0.271373724
Incremental_MH,15,0.267878294
Incremental_MH,15,0.281327347
Incremental_MH,15,0.270587263
Incremental_MH,15,0.264385056
Incremental_MH,15,0.266660146
Incremental_MH,15,0.266232445
Incremental_MH,15,0.273981557
Incremental_MH,15,0.283168679
Incremental_MH,15,0.269591197
Incremental_MH,15,0.284700473
Incremental_MH,15,0.276075847
Incremental_MH,15,0.269404953
Incremental_MH,15,0.263922599
Incremental_MH,20,0.270120605
Incremental_MH,20,0.316263423
Incremental_MH,20,0.309017412
Incremental_MH,20,0.288619508
Incremental_MH,20,0.285632841
Incremental_MH,20,0.295406999
Incremental_MH,20,0.286166091
Incremental_MH,20,0.303924139
Incremental_MH,20,0.278428909
Incremental_MH,20,0.279701973
Incremental_MH,20,0.287498533
Incremental_MH,20,0.290111263
Incremental_MH,20,0.282999886
Incremental_MH,20,0.306718272
Incremental_MH,20,0.297794612
Incremental_MH,20,0.293415573
Incremental_MH,20,0.284762939
Incremental_MH,20,0.279885378
Incremental_MH,20,0.279005615
Incremental_MH,20,0.319479076
Incremental_MH,25,0.303683605
Incremental_MH,25,0.287431454
Incremental_MH,25,0.292284447
Incremental_MH,25,0.305434001
Incremental_MH,25,0.296411096
Incremental_MH,25,0.311042001
Incremental_MH,25,0.303965182
Incremental_MH,25,0.296047437
Incremental_MH,25,0.32179491
Incremental_MH,25,0.294903918
Incremental_MH,25,0.291096859
Incremental_MH,25,0.318255261
Incremental_MH,25,0.312598144
Incremental_MH,25,0.299693563
Incremental_MH,25,0.300206768
Incremental_MH,25,0.290809122
Incremental_MH,25,0.29596464
Incremental_MH,25,0.330516698
Incremental_MH,25,0.288599809
Incremental_MH,25,0.302946483
Incremental_MH,30,0.303421504
Incremental_MH,30,0.320228785
Incremental_MH,30,0.300880661
Incremental_MH,30,0.300930705
Incremental_MH,30,0.331471421
Incremental_MH,30,0.324311306
Incremental_MH,30,0.330923212
Incremental_MH,30,0.307079137
Incremental_MH,30,0.30667724
Incremental_MH,30,0.311618134
Incremental_MH,30,0.304500778
Incremental_MH,30,0.30016825
Incremental_MH,30,0.312253729
Incremental_MH,30,0.315271109
Incremental_MH,30,0.297062032
Incremental_MH,30,0.315828307
Incremental_MH,30,0.332971363
Incremental_MH,30,0.30161472
Incremental_MH,30,0.315539635
Incremental_MH,30,0.322049228
Incremental_MH,35,0.340199969
Incremental_MH,35,0.334876989
Incremental_MH,35,0.333004166
Incremental_MH,35,0.333890734
Incremental_MH,35,0.320838624
Incremental_MH,35,0.328114839
Incremental_MH,35,0.328731538
Incremental_MH,35,0.340674461
Incremental_MH,35,0.314633873
Incremental_MH,35,0.304728291
Incremental_MH,35,0.340553722
Incremental_MH,35,0.338784465
Incremental_MH,35,0.330953431
Incremental_MH,35,0.343220973
Incremental_MH,35,0.337062041
Incremental_MH,35,0.338064383
Incremental_MH,35,0.317577266
Incremental_MH,35,0.323533998
Incremental_MH,35,0.326048708
Incremental_MH,35,0.329042776
Incremental_MH,40,0.339744585
Incremental_MH,40,0.344220868
Incremental_MH,40,0.351802235
Incremental_MH,40,0.335480142
Incremental_MH,40,0.344227147
Incremental_MH,40,0.344904068
Incremental_MH,40,0.355758298
Incremental_MH,40,0.359280156
Incremental_MH,40,0.333659386
Incremental_MH,40,0.337783365
Incremental_MH,40,0.344251566
Incremental_MH,40,0.343189113
Incremental_MH,40,0.334714358
Incremental_MH,40,0.333335883
Incremental_MH,40,0.335344639
Incremental_MH,40,0.346443058
Incremental_MH,40,0.347117774
Incremental_MH,40,0.340534799
Incremental_MH,40,0.337692757
Incremental_MH,40,0.333615862
Incremental_MH,45,0.362478717
Incremental_MH,45,0.364951801
Incremental_MH,45,0.351912938
Incremental_MH,45,0.358575142
Incremental_MH,45,0.373351221
Incremental_MH,45,0.349271542
Incremental_MH,45,0.347247179
Incremental_MH,45,0.41932144
Incremental_MH,45,0.343495518
Incremental_MH,45,0.331025526
Incremental_MH,45,0.350140216
Incremental_MH,45,0.358057237
Incremental_MH,45,0.347166908
Incremental_MH,45,0.383283651
Incremental_MH,45,0.366467084
Incremental_MH,45,0.353467036
Incremental_MH,45,0.346180185
Incremental_MH,45,0.364814311
Incremental_MH,45,0.361099835
Incremental_MH,45,0.432575961
Incremental_MH,50,0.383624264
Incremental_MH,50,0.39086529
Incremental_MH,50,0.38452451
Incremental_MH,50,0.432022197
Incremental_MH,50,0.390950453
Incremental_MH,50,0.439123198
Incremental_MH,50,0.38241058
Incremental_MH,50,0.395830873
Incremental_MH,50,0.384089944
Incremental_MH,50,0.376417461
Incremental_MH,50,0.368103703
Incremental_MH,50,0.395202283
Incremental_MH,50,0.359981022
Incremental_MH,50,0.375988738
Incremental_MH,50,0.505185332
Incremental_MH,50,0.365022745
Incremental_MH,50,0.379702705
Incremental_MH,50,0.402338669
Incremental_MH,50,0.421199677
Incremental_MH,50,0.405827306
Incremental_MH_noCPS,5,0.938059337
Incremental_MH_noCPS,5,0.970627405
Incremental_MH_noCPS,5,0.902742687
Incremental_MH_noCPS,5,0.874092116
Incremental_MH_noCPS,5,0.851676014
Incremental_MH_noCPS,5,0.82843547
Incremental_MH_noCPS,5,0.917139044
Incremental_MH_noCPS,5,0.832261627
Incremental_MH_noCPS,5,0.843689588
Incremental_MH_noCPS,5,0.800326225
Incremental_MH_noCPS,5,0.831089327
Incremental_MH_noCPS,5,0.835767194
Incremental_MH_noCPS,5,0.868331923
Incremental_MH_noCPS,5,0.853892339
Incremental_MH_noCPS,5,0.85021832
Incremental_MH_noCPS,5,0.832588706
Incremental_MH_noCPS,5,0.832540333
Incremental_MH_noCPS,5,0.875833119
Incremental_MH_noCPS,5,0.874727242
Incremental_MH_noCPS,5,0.944986862
Incremental_MH_noCPS,10,1.160617571
Incremental_MH_noCPS,10,0.906213818
Incremental_MH_noCPS,10,0.919410208
Incremental_MH_noCPS,10,0.954793399
Incremental_MH_noCPS,10,0.991379824
Incremental_MH_noCPS,10,0.921526821
Incremental_MH_noCPS,10,0.964338482
Incremental_MH_noCPS,10,0.897137538
Incremental_MH_noCPS,10,0.925852076
Incremental_MH_noCPS,10,0.94996003
Incremental_MH_noCPS,10,0.957005225
Incremental_MH_noCPS,10,0.957902505
Incremental_MH_noCPS,10,0.959443069
Incremental_MH_noCPS,10,0.967601106
Incremental_MH_noCPS,10,1.084698092
Incremental_MH_noCPS,10,0.955640389
Incremental_MH_noCPS,10,0.906129298
Incremental_MH_noCPS,10,0.938553012
Incremental_MH_noCPS,10,0.95365885
Incremental_MH_noCPS,10,0.922468875
Incremental_MH_noCPS,15,1.014141479
Incremental_MH_noCPS,15,1.019597014
Incremental_MH_noCPS,15,1.061509855
Incremental_MH_noCPS,15,1.054703378
Incremental_MH_noCPS,15,1.024205544
Incremental_MH_noCPS,15,1.053317398
Incremental_MH_noCPS,15,1.051392162
Incremental_MH_noCPS,15,1.066403437
Incremental_MH_noCPS,15,1.036177304
Incremental_MH_noCPS,15,1.289446442
Incremental_MH_noCPS,15,1.021517199
Incremental_MH_noCPS,15,1.026417628
Incremental_MH_noCPS,15,1.058072273
Incremental_MH_noCPS,15,1.053431047
Incremental_MH_noCPS,15,1.059944511
Incremental_MH_noCPS,15,1.070166632
Incremental_MH_noCPS,15,1.052039024
Incremental_MH_noCPS,15,1.061132603
Incremental_MH_noCPS,15,1.059627032
Incremental_MH_noCPS,15,1.068566669
Incremental_MH_noCPS,20,1.174914897
Incremental_MH_noCPS,20,1.161078203
Incremental_MH_noCPS,20,1.123452665
Incremental_MH_noCPS,20,1.193833691
Incremental_MH_noCPS,20,1.208002143
Incremental_MH_noCPS,20,1.166186965
Incremental_MH_noCPS,20,1.228762634
Incremental_MH_noCPS,20,1.229341488
Incremental_MH_noCPS,20,1.314083283
Incremental_MH_noCPS,20,1.1375817559999999
Incremental_MH_noCPS,20,1.134065237
Incremental_MH_noCPS,20,1.097835287
Incremental_MH_noCPS,20,1.150862408
Incremental_MH_noCPS,20,1.12187179
Incremental_MH_noCPS,20,1.164372161
Incremental_MH_noCPS,20,1.117861291
Incremental_MH_noCPS,20,1.208194226
Incremental_MH_noCPS,20,1.188669743
Incremental_MH_noCPS,20,1.1957599939999999
Incremental_MH_noCPS,20,1.200595494
Incremental_MH_noCPS,25,1.223975058
Incremental_MH_noCPS,25,1.29255272
Incremental_MH_noCPS,25,1.333994705
Incremental_MH_noCPS,25,1.290334994
Incremental_MH_noCPS,25,1.3298764699999999
Incremental_MH_noCPS,25,1.369390885
Incremental_MH_noCPS,25,1.3201191589999999
Incremental_MH_noCPS,25,1.342091633
Incremental_MH_noCPS,25,1.358248986
Incremental_MH_noCPS,25,1.5807046919999999
Incremental_MH_noCPS,25,1.217354951
Incremental_MH_noCPS,25,1.22789949
Incremental_MH_noCPS,25,1.2662174400000001
Incremental_MH_noCPS,25,1.271797454
Incremental_MH_noCPS,25,1.291346742
Incremental_MH_noCPS,25,1.307941356
Incremental_MH_noCPS,25,1.306525282
Incremental_MH_noCPS,25,1.26659335
Incremental_MH_noCPS,25,1.3138608299999999
Incremental_MH_noCPS,25,1.333432525
Incremental_MH_noCPS,30,1.420866509
Incremental_MH_noCPS,30,1.403973924
Incremental_MH_noCPS,30,1.39962035
Incremental_MH_noCPS,30,1.469914216
Incremental_MH_noCPS,30,1.419476697
Incremental_MH_noCPS,30,1.395294896
Incremental_MH_noCPS,30,1.40826643
Incremental_MH_noCPS,30,1.459535553
Incremental_MH_noCPS,30,1.507072516
Incremental_MH_noCPS,30,1.463112449
Incremental_MH_noCPS,30,1.539036557
Incremental_MH_noCPS,30,1.458396658
Incremental_MH_noCPS,30,1.749832136
Incremental_MH_noCPS,30,1.344846198
Incremental_MH_noCPS,30,1.289233164
Incremental_MH_noCPS,30,1.299896492
Incremental_MH_noCPS,30,1.393183706
Incremental_MH_noCPS,30,1.336892675
Incremental_MH_noCPS,30,1.403830254
Incremental_MH_noCPS,30,1.389154382
Incremental_MH_noCPS,35,1.458641879
Incremental_MH_noCPS,35,1.492496995
Incremental_MH_noCPS,35,1.442250805
Incremental_MH_noCPS,35,1.446554377
Incremental_MH_noCPS,35,1.4488135
Incremental_MH_noCPS,35,1.485479855
Incremental_MH_noCPS,35,1.5294816249999998
Incremental_MH_noCPS,35,1.5353737710000002
Incremental_MH_noCPS,35,1.519777805
Incremental_MH_noCPS,35,1.546464796
Incremental_MH_noCPS,35,1.780987064
Incremental_MH_noCPS,35,1.559509236
Incremental_MH_noCPS,35,1.5258639010000001
Incremental_MH_noCPS,35,1.575821806
Incremental_MH_noCPS,35,1.6225137969999999
Incremental_MH_noCPS,35,1.577594596
Incremental_MH_noCPS,35,1.870434522
Incremental_MH_noCPS,35,1.566395803
Incremental_MH_noCPS,35,1.43206755
Incremental_MH_noCPS,35,1.563550411
Incremental_MH_noCPS,40,1.610899372
Incremental_MH_noCPS,40,1.5127643179999999
Incremental_MH_noCPS,40,1.5796047880000001
Incremental_MH_noCPS,40,1.572018079
Incremental_MH_noCPS,40,1.552522143
Incremental_MH_noCPS,40,1.553375854
Incremental_MH_noCPS,40,1.554248971
Incremental_MH_noCPS,40,1.6269045819999999
Incremental_MH_noCPS,40,1.726839869
Incremental_MH_noCPS,40,1.7251363400000002
Incremental_MH_noCPS,40,1.666621014
Incremental_MH_noCPS,40,1.7101537310000001
Incremental_MH_noCPS,40,1.665224072
Incremental_MH_noCPS,40,1.670321152
Incremental_MH_noCPS,40,1.712726066
Incremental_MH_noCPS,40,2.248621898
Incremental_MH_noCPS,40,1.463346208
Incremental_MH_noCPS,40,1.495323854
Incremental_MH_noCPS,40,1.442087466
Incremental_MH_noCPS,40,1.495669146
Incremental_MH_noCPS,45,1.748974568
Incremental_MH_noCPS,45,1.688091647
Incremental_MH_noCPS,45,1.62683742
Incremental_MH_noCPS,45,1.679395955
Incremental_MH_noCPS,45,1.652141391
Incremental_MH_noCPS,45,1.633394802
Incremental_MH_noCPS,45,1.716728572
Incremental_MH_noCPS,45,1.757178098
Incremental_MH_noCPS,45,1.763738133
Incremental_MH_noCPS,45,1.78824397
Incremental_MH_noCPS,45,1.7805307030000002
Incremental_MH_noCPS,45,1.7752757689999998
Incremental_MH_noCPS,45,1.867436871
Incremental_MH_noCPS,45,1.768467223
Incremental_MH_noCPS,45,1.797982778
Incremental_MH_noCPS,45,1.8814985960000001
Incremental_MH_noCPS,45,1.8752709840000001
Incremental_MH_noCPS,45,1.8896658990000001
Incremental_MH_noCPS,45,1.6876648159999998
Incremental_MH_noCPS,45,1.66915732
Incremental_MH_noCPS,50,1.7740423600000002
Incremental_MH_noCPS,50,1.8177094820000002
Incremental_MH_noCPS,50,1.790804439
Incremental_MH_noCPS,50,1.821847777
Incremental_MH_noCPS,50,1.793140231
Incremental_MH_noCPS,50,1.8486052370000001
Incremental_MH_noCPS,50,1.8581676470000001
Incremental_MH_noCPS,50,1.959093091
Incremental_MH_noCPS,50,1.851693237
Incremental_MH_noCPS,50,1.872029237
Incremental_MH_noCPS,50,1.93325914
Incremental_MH_noCPS,50,1.903004842
Incremental_MH_noCPS,50,1.91918321
Incremental_MH_noCPS,50,1.8604842609999999
Incremental_MH_noCPS,50,1.889350278
Incremental_MH_noCPS,50,1.88416483
Incremental_MH_noCPS,50,1.930694358
Incremental_MH_noCPS,50,1.987499706
Incremental_MH_noCPS,50,2.442842195
Incremental_MH_noCPS,50,1.711695326
