model,infMethod,modelSize,time
hmm,Lightweight_MH,1,1.105354085
hmm,Lightweight_MH,1,1.117400473
hmm,Lightweight_MH,1,1.14123142
hmm,Lightweight_MH,1,1.113936282
hmm,Lightweight_MH,1,1.139413115
hmm,Lightweight_MH,1,1.106231317
hmm,Lightweight_MH,1,1.074884022
hmm,Lightweight_MH,1,1.080404225
hmm,Lightweight_MH,1,1.116435043
hmm,Lightweight_MH,1,1.182614994
hmm,Lightweight_MH,1,1.183112884
hmm,Lightweight_MH,1,1.065949999
hmm,Lightweight_MH,1,1.173473349
hmm,Lightweight_MH,1,1.2334301970000001
hmm,Lightweight_MH,1,1.197051814
hmm,Lightweight_MH,1,1.239652461
hmm,Lightweight_MH,1,1.178798498
hmm,Lightweight_MH,1,1.167678909
hmm,Lightweight_MH,1,1.2100475880000001
hmm,Lightweight_MH,1,1.184129775
hmm,Lightweight_MH,2,2.937837102
hmm,Lightweight_MH,2,3.055965211
hmm,Lightweight_MH,2,2.735549356
hmm,Lightweight_MH,2,2.945536374
hmm,Lightweight_MH,2,3.071428852
hmm,Lightweight_MH,2,3.102830004
hmm,Lightweight_MH,2,3.221907352
hmm,Lightweight_MH,2,2.9827194439999998
hmm,Lightweight_MH,2,2.926254821
hmm,Lightweight_MH,2,2.984183281
hmm,Lightweight_MH,2,2.97902598
hmm,Lightweight_MH,2,3.105316677
hmm,Lightweight_MH,2,3.15392282
hmm,Lightweight_MH,2,3.390543531
hmm,Lightweight_MH,2,3.091466178
hmm,Lightweight_MH,2,3.146532564
hmm,Lightweight_MH,2,3.029728188
hmm,Lightweight_MH,2,3.025869206
hmm,Lightweight_MH,2,3.077051465
hmm,Lightweight_MH,2,3.229300012
hmm,Lightweight_MH,3,5.989020635
hmm,Lightweight_MH,3,5.681376525
hmm,Lightweight_MH,3,5.680963041
hmm,Lightweight_MH,3,5.778825601
hmm,Lightweight_MH,3,5.864384025
hmm,Lightweight_MH,3,5.890690495
hmm,Lightweight_MH,3,5.998211671
hmm,Lightweight_MH,3,5.885761486
hmm,Lightweight_MH,3,6.134948347
hmm,Lightweight_MH,3,5.560509523
hmm,Lightweight_MH,3,5.715228807
hmm,Lightweight_MH,3,5.958307809
hmm,Lightweight_MH,3,6.29063396
hmm,Lightweight_MH,3,6.029773616
hmm,Lightweight_MH,3,6.563653176
hmm,Lightweight_MH,3,6.473371437
hmm,Lightweight_MH,3,6.709674605
hmm,Lightweight_MH,3,6.978773432
hmm,Lightweight_MH,3,6.291661984
hmm,Lightweight_MH,3,6.109085387
hmm,Lightweight_MH,4,10.369081616
hmm,Lightweight_MH,4,10.168288408
hmm,Lightweight_MH,4,11.081971346
hmm,Lightweight_MH,4,10.796057386
hmm,Lightweight_MH,4,11.163302171
hmm,Lightweight_MH,4,11.435385901
hmm,Lightweight_MH,4,11.259381316
hmm,Lightweight_MH,4,10.700278187
hmm,Lightweight_MH,4,10.906724663
hmm,Lightweight_MH,4,10.726913939
hmm,Lightweight_MH,4,10.528833009
hmm,Lightweight_MH,4,10.88969777
hmm,Lightweight_MH,4,11.638526428
hmm,Lightweight_MH,4,11.621449131
hmm,Lightweight_MH,4,12.16216689
hmm,Lightweight_MH,4,12.048892961
hmm,Lightweight_MH,4,11.830160605
hmm,Lightweight_MH,4,11.879631916
hmm,Lightweight_MH,4,10.467842424
hmm,Lightweight_MH,4,11.349283645
hmm,Lightweight_MH,5,16.317391697
hmm,Lightweight_MH,5,17.170005465
hmm,Lightweight_MH,5,17.391261242
hmm,Lightweight_MH,5,18.223390195
hmm,Lightweight_MH,5,17.658451051
hmm,Lightweight_MH,5,17.559748377
hmm,Lightweight_MH,5,18.943033029
hmm,Lightweight_MH,5,17.910289332
hmm,Lightweight_MH,5,16.476252058
hmm,Lightweight_MH,5,16.673680675
hmm,Lightweight_MH,5,16.289575205
hmm,Lightweight_MH,5,16.910039427
hmm,Lightweight_MH,5,17.339214853
hmm,Lightweight_MH,5,16.881701858
hmm,Lightweight_MH,5,17.792882838
hmm,Lightweight_MH,5,18.704567705
hmm,Lightweight_MH,5,19.010342444
hmm,Lightweight_MH,5,20.02126002
hmm,Lightweight_MH,5,16.731568665
hmm,Lightweight_MH,5,17.128216876
hmm,Lightweight_MH,6,24.693658891
hmm,Lightweight_MH,6,25.217054953
hmm,Lightweight_MH,6,25.883473519
hmm,Lightweight_MH,6,25.115955322
hmm,Lightweight_MH,6,26.064144067
hmm,Lightweight_MH,6,27.196545558
hmm,Lightweight_MH,6,24.539276114
hmm,Lightweight_MH,6,24.515163029
hmm,Lightweight_MH,6,24.148817419
hmm,Lightweight_MH,6,25.320039873
hmm,Lightweight_MH,6,26.192542554
hmm,Lightweight_MH,6,27.633839711
hmm,Lightweight_MH,6,27.686579403
hmm,Lightweight_MH,6,27.615132855
hmm,Lightweight_MH,6,23.821540413
hmm,Lightweight_MH,6,25.045325861
hmm,Lightweight_MH,6,25.298381635
hmm,Lightweight_MH,6,25.547498046
hmm,Lightweight_MH,6,25.745214044
hmm,Lightweight_MH,6,25.343745238
hmm,Lightweight_MH,7,35.752174502
hmm,Lightweight_MH,7,32.997436454
hmm,Lightweight_MH,7,32.084609041
hmm,Lightweight_MH,7,35.386832368
hmm,Lightweight_MH,7,34.60264988
hmm,Lightweight_MH,7,35.392037624
hmm,Lightweight_MH,7,33.33327401
hmm,Lightweight_MH,7,32.340085189
hmm,Lightweight_MH,7,33.220512749
hmm,Lightweight_MH,7,33.734964371
hmm,Lightweight_MH,7,34.929289592
hmm,Lightweight_MH,7,31.358782286
hmm,Lightweight_MH,7,33.432815022
hmm,Lightweight_MH,7,33.149806254
hmm,Lightweight_MH,7,33.810452179
hmm,Lightweight_MH,7,32.220636326
hmm,Lightweight_MH,7,32.302025709
hmm,Lightweight_MH,7,32.645693292
hmm,Lightweight_MH,7,32.845641176
hmm,Lightweight_MH,7,33.77875583
hmm,Lightweight_MH,8,42.56131396
hmm,Lightweight_MH,8,43.129057988
hmm,Lightweight_MH,8,42.24453082
hmm,Lightweight_MH,8,41.273227796
hmm,Lightweight_MH,8,39.736965009
hmm,Lightweight_MH,8,40.317490206
hmm,Lightweight_MH,8,37.82576641
hmm,Lightweight_MH,8,38.991903879
hmm,Lightweight_MH,8,39.456190847
hmm,Lightweight_MH,8,40.350400541
hmm,Lightweight_MH,8,38.497436267
hmm,Lightweight_MH,8,37.811503969
hmm,Lightweight_MH,8,40.389661938
hmm,Lightweight_MH,8,37.75353273
hmm,Lightweight_MH,8,36.24203844
hmm,Lightweight_MH,8,37.638062614
hmm,Lightweight_MH,8,38.520020719
hmm,Lightweight_MH,8,39.823917643
hmm,Lightweight_MH,8,38.542010988
hmm,Lightweight_MH,8,40.41503535
hmm,Lightweight_MH,9,53.123865057
hmm,Lightweight_MH,9,50.807070963
hmm,Lightweight_MH,9,49.453665901
hmm,Lightweight_MH,9,50.142154233
hmm,Lightweight_MH,9,52.091478239
hmm,Lightweight_MH,9,52.093593047
hmm,Lightweight_MH,9,51.230052536
hmm,Lightweight_MH,9,53.852304868
hmm,Lightweight_MH,9,49.778094962
hmm,Lightweight_MH,9,49.501265959
hmm,Lightweight_MH,9,50.15868171
hmm,Lightweight_MH,9,50.424634077
hmm,Lightweight_MH,9,49.914388222
hmm,Lightweight_MH,9,49.384906617
hmm,Lightweight_MH,9,48.224073789
hmm,Lightweight_MH,9,49.929426237
hmm,Lightweight_MH,9,49.745352258
hmm,Lightweight_MH,9,52.085049969
hmm,Lightweight_MH,9,50.19237311
hmm,Lightweight_MH,9,51.530000788
hmm,Lightweight_MH,10,59.425463807
hmm,Lightweight_MH,10,62.127045493
hmm,Lightweight_MH,10,65.592778515
hmm,Lightweight_MH,10,63.402464817
hmm,Lightweight_MH,10,67.593140604
hmm,Lightweight_MH,10,63.876532161
hmm,Lightweight_MH,10,66.38956952
hmm,Lightweight_MH,10,60.84116966
hmm,Lightweight_MH,10,66.334157522
hmm,Lightweight_MH,10,66.284850898
hmm,Lightweight_MH,10,64.159978097
hmm,Lightweight_MH,10,64.15207718
hmm,Lightweight_MH,10,64.521586956
hmm,Lightweight_MH,10,68.101772745
hmm,Lightweight_MH,10,67.366944426
hmm,Lightweight_MH,10,65.666266076
hmm,Lightweight_MH,10,64.2727106
hmm,Lightweight_MH,10,63.648761096
hmm,Lightweight_MH,10,66.582529217
hmm,Lightweight_MH,10,69.676937903
hmm,Incremental_MH,1,0.172883183
hmm,Incremental_MH,1,0.157189106
hmm,Incremental_MH,1,0.156010298
hmm,Incremental_MH,1,0.177957901
hmm,Incremental_MH,1,0.140299315
hmm,Incremental_MH,1,0.141605083
hmm,Incremental_MH,1,0.130748613
hmm,Incremental_MH,1,0.132488142
hmm,Incremental_MH,1,0.127506156
hmm,Incremental_MH,1,0.121232886
hmm,Incremental_MH,1,0.114519196
hmm,Incremental_MH,1,0.128544066
hmm,Incremental_MH,1,0.143928886
hmm,Incremental_MH,1,0.134397648
hmm,Incremental_MH,1,0.136209292
hmm,Incremental_MH,1,0.122372521
hmm,Incremental_MH,1,0.116493019
hmm,Incremental_MH,1,0.122832362
hmm,Incremental_MH,1,0.116429228
hmm,Incremental_MH,1,0.154221643
hmm,Incremental_MH,2,0.20098117
hmm,Incremental_MH,2,0.196563034
hmm,Incremental_MH,2,0.177923908
hmm,Incremental_MH,2,0.178303535
hmm,Incremental_MH,2,0.177545075
hmm,Incremental_MH,2,0.181000642
hmm,Incremental_MH,2,0.208455129
hmm,Incremental_MH,2,0.18436658
hmm,Incremental_MH,2,0.183560066
hmm,Incremental_MH,2,0.176402059
hmm,Incremental_MH,2,0.170000188
hmm,Incremental_MH,2,0.177716961
hmm,Incremental_MH,2,0.17034491
hmm,Incremental_MH,2,0.178737941
hmm,Incremental_MH,2,0.164264529
hmm,Incremental_MH,2,0.17112433
hmm,Incremental_MH,2,0.181208289
hmm,Incremental_MH,2,0.181215221
hmm,Incremental_MH,2,0.171639651
hmm,Incremental_MH,2,0.192765836
hmm,Incremental_MH,3,0.216563166
hmm,Incremental_MH,3,0.260041671
hmm,Incremental_MH,3,0.25610828
hmm,Incremental_MH,3,0.249467938
hmm,Incremental_MH,3,0.271132023
hmm,Incremental_MH,3,0.248407666
hmm,Incremental_MH,3,0.24061179
hmm,Incremental_MH,3,0.221005937
hmm,Incremental_MH,3,0.234368595
hmm,Incremental_MH,3,0.268795746
hmm,Incremental_MH,3,0.267479332
hmm,Incremental_MH,3,0.265342819
hmm,Incremental_MH,3,0.261285511
hmm,Incremental_MH,3,0.254493569
hmm,Incremental_MH,3,0.258967741
hmm,Incremental_MH,3,0.235844612
hmm,Incremental_MH,3,0.233371865
hmm,Incremental_MH,3,0.275918977
hmm,Incremental_MH,3,0.266179283
hmm,Incremental_MH,3,0.257928043
hmm,Incremental_MH,4,0.32134041
hmm,Incremental_MH,4,0.306148004
hmm,Incremental_MH,4,0.306973286
hmm,Incremental_MH,4,0.326308793
hmm,Incremental_MH,4,0.328903679
hmm,Incremental_MH,4,0.325584681
hmm,Incremental_MH,4,0.339189928
hmm,Incremental_MH,4,0.30700177
hmm,Incremental_MH,4,0.315453377
hmm,Incremental_MH,4,0.31241421
hmm,Incremental_MH,4,0.329341698
hmm,Incremental_MH,4,0.318199004
hmm,Incremental_MH,4,0.299793878
hmm,Incremental_MH,4,0.327166266
hmm,Incremental_MH,4,0.324726197
hmm,Incremental_MH,4,0.320115541
hmm,Incremental_MH,4,0.315020794
hmm,Incremental_MH,4,0.302888006
hmm,Incremental_MH,4,0.326091966
hmm,Incremental_MH,4,0.331806793
hmm,Incremental_MH,5,0.406703923
hmm,Incremental_MH,5,0.402124299
hmm,Incremental_MH,5,0.407573496
hmm,Incremental_MH,5,0.388931243
hmm,Incremental_MH,5,0.389498554
hmm,Incremental_MH,5,0.389417205
hmm,Incremental_MH,5,0.395746572
hmm,Incremental_MH,5,0.400323373
hmm,Incremental_MH,5,0.383633195
hmm,Incremental_MH,5,0.371197864
hmm,Incremental_MH,5,0.403671882
hmm,Incremental_MH,5,0.386433249
hmm,Incremental_MH,5,0.38092156
hmm,Incremental_MH,5,0.375285028
hmm,Incremental_MH,5,0.382684494
hmm,Incremental_MH,5,0.37876133
hmm,Incremental_MH,5,0.377397277
hmm,Incremental_MH,5,0.376634748
hmm,Incremental_MH,5,0.398402849
hmm,Incremental_MH,5,0.37318856
hmm,Incremental_MH,6,0.46100693
hmm,Incremental_MH,6,0.453937994
hmm,Incremental_MH,6,0.481826498
hmm,Incremental_MH,6,0.502112367
hmm,Incremental_MH,6,0.457016249
hmm,Incremental_MH,6,0.461479939
hmm,Incremental_MH,6,0.457135762
hmm,Incremental_MH,6,0.471823414
hmm,Incremental_MH,6,0.442756179
hmm,Incremental_MH,6,0.44748898
hmm,Incremental_MH,6,0.439195854
hmm,Incremental_MH,6,0.469185914
hmm,Incremental_MH,6,0.447539799
hmm,Incremental_MH,6,0.440078905
hmm,Incremental_MH,6,0.460907258
hmm,Incremental_MH,6,0.45689967
hmm,Incremental_MH,6,0.475910518
hmm,Incremental_MH,6,0.487307329
hmm,Incremental_MH,6,0.503922311
hmm,Incremental_MH,6,0.479969545
hmm,Incremental_MH,7,0.566709366
hmm,Incremental_MH,7,0.524964217
hmm,Incremental_MH,7,0.578996525
hmm,Incremental_MH,7,0.544698503
hmm,Incremental_MH,7,0.546537354
hmm,Incremental_MH,7,0.552409913
hmm,Incremental_MH,7,0.60062923
hmm,Incremental_MH,7,0.537954373
hmm,Incremental_MH,7,0.540442312
hmm,Incremental_MH,7,0.549605449
hmm,Incremental_MH,7,0.622247253
hmm,Incremental_MH,7,0.557786273
hmm,Incremental_MH,7,0.54023352
hmm,Incremental_MH,7,0.583082333
hmm,Incremental_MH,7,0.559610077
hmm,Incremental_MH,7,0.551280782
hmm,Incremental_MH,7,0.53075319
hmm,Incremental_MH,7,0.546295886
hmm,Incremental_MH,7,0.53545694
hmm,Incremental_MH,7,0.542238893
hmm,Incremental_MH,8,0.61720282
hmm,Incremental_MH,8,0.696366001
hmm,Incremental_MH,8,0.622239169
hmm,Incremental_MH,8,0.629463088
hmm,Incremental_MH,8,0.624436491
hmm,Incremental_MH,8,0.656159367
hmm,Incremental_MH,8,0.60953653
hmm,Incremental_MH,8,0.636880776
hmm,Incremental_MH,8,0.640346727
hmm,Incremental_MH,8,0.63475805
hmm,Incremental_MH,8,0.637490442
hmm,Incremental_MH,8,0.622295589
hmm,Incremental_MH,8,0.644196402
hmm,Incremental_MH,8,0.67997326
hmm,Incremental_MH,8,0.624034271
hmm,Incremental_MH,8,0.618354603
hmm,Incremental_MH,8,0.63114704
hmm,Incremental_MH,8,0.621647901
hmm,Incremental_MH,8,0.604025749
hmm,Incremental_MH,8,0.616010572
hmm,Incremental_MH,9,0.729499207
hmm,Incremental_MH,9,0.69395935
hmm,Incremental_MH,9,0.697855728
hmm,Incremental_MH,9,0.700546546
hmm,Incremental_MH,9,0.715556199
hmm,Incremental_MH,9,0.740996747
hmm,Incremental_MH,9,0.750243758
hmm,Incremental_MH,9,0.703244161
hmm,Incremental_MH,9,0.728712104
hmm,Incremental_MH,9,0.723595598
hmm,Incremental_MH,9,0.709851099
hmm,Incremental_MH,9,0.707635637
hmm,Incremental_MH,9,0.679238667
hmm,Incremental_MH,9,0.709470298
hmm,Incremental_MH,9,0.765120457
hmm,Incremental_MH,9,0.712083462
hmm,Incremental_MH,9,0.72874843
hmm,Incremental_MH,9,0.73757705
hmm,Incremental_MH,9,0.780473225 
hmm,Incremental_MH,9,0.743443853
hmm,Incremental_MH,10,0.77216775
hmm,Incremental_MH,10,0.758521625
hmm,Incremental_MH,10,0.751898949
hmm,Incremental_MH,10,0.81202416
hmm,Incremental_MH,10,0.772916586
hmm,Incremental_MH,10,0.791757453
hmm,Incremental_MH,10,0.756370799
hmm,Incremental_MH,10,0.748734542
hmm,Incremental_MH,10,0.754535079
hmm,Incremental_MH,10,0.792283984
hmm,Incremental_MH,10,0.769174829
hmm,Incremental_MH,10,0.769264219
hmm,Incremental_MH,10,0.78730974
hmm,Incremental_MH,10,0.788057226
hmm,Incremental_MH,10,0.771161291
hmm,Incremental_MH,10,0.758464803
hmm,Incremental_MH,10,0.832875089
hmm,Incremental_MH,10,0.776295191
hmm,Incremental_MH,10,0.762481895
hmm,Incremental_MH,10,0.779604331
lda,Lightweight_MH,1,1.347470616
lda,Lightweight_MH,1,1.292191523
lda,Lightweight_MH,1,1.425568151
lda,Lightweight_MH,1,1.449530642
lda,Lightweight_MH,1,1.442783494
lda,Lightweight_MH,1,1.381975995
lda,Lightweight_MH,1,1.454231367
lda,Lightweight_MH,1,1.51530532
lda,Lightweight_MH,1,1.347228771
lda,Lightweight_MH,1,1.537524684
lda,Lightweight_MH,1,1.479259087
lda,Lightweight_MH,1,1.609183361
lda,Lightweight_MH,1,1.53352977
lda,Lightweight_MH,1,1.520059842
lda,Lightweight_MH,1,1.528561944
lda,Lightweight_MH,1,1.528837775
lda,Lightweight_MH,1,1.535385308
lda,Lightweight_MH,1,1.523748589
lda,Lightweight_MH,1,1.475964649
lda,Lightweight_MH,1,1.467292262
lda,Lightweight_MH,2,2.6366095229999997
lda,Lightweight_MH,2,2.692185478
lda,Lightweight_MH,2,2.574544687
lda,Lightweight_MH,2,2.552223322
lda,Lightweight_MH,2,2.687276892
lda,Lightweight_MH,2,2.701164312
lda,Lightweight_MH,2,2.783823617
lda,Lightweight_MH,2,2.716765252
lda,Lightweight_MH,2,3.070980706
lda,Lightweight_MH,2,2.8636843130000003
lda,Lightweight_MH,2,2.992703575
lda,Lightweight_MH,2,3.130510008
lda,Lightweight_MH,2,3.219857133
lda,Lightweight_MH,2,2.968135497
lda,Lightweight_MH,2,3.094606357
lda,Lightweight_MH,2,2.922643603
lda,Lightweight_MH,2,3.140332105
lda,Lightweight_MH,2,3.260016665
lda,Lightweight_MH,2,3.224633852
lda,Lightweight_MH,2,3.3021092
lda,Lightweight_MH,3,4.505693351
lda,Lightweight_MH,3,4.537078083
lda,Lightweight_MH,3,4.701474343
lda,Lightweight_MH,3,4.855837425
lda,Lightweight_MH,3,4.916654422
lda,Lightweight_MH,3,5.112626019
lda,Lightweight_MH,3,4.698391331
lda,Lightweight_MH,3,4.625942229
lda,Lightweight_MH,3,4.999347976
lda,Lightweight_MH,3,4.951969149
lda,Lightweight_MH,3,5.147246155
lda,Lightweight_MH,3,5.028369009
lda,Lightweight_MH,3,5.428961721
lda,Lightweight_MH,3,5.240273506
lda,Lightweight_MH,3,5.053461651
lda,Lightweight_MH,3,5.027155564
lda,Lightweight_MH,3,5.086674747
lda,Lightweight_MH,3,5.233146674
lda,Lightweight_MH,3,5.40876836
lda,Lightweight_MH,3,5.247486587
lda,Lightweight_MH,4,7.362986352
lda,Lightweight_MH,4,7.394806533
lda,Lightweight_MH,4,6.6168724789999995
lda,Lightweight_MH,4,6.8822313489999996
lda,Lightweight_MH,4,7.2967803700000005
lda,Lightweight_MH,4,7.103852735
lda,Lightweight_MH,4,7.781341467
lda,Lightweight_MH,4,7.289544436
lda,Lightweight_MH,4,7.854641653
lda,Lightweight_MH,4,7.629423754
lda,Lightweight_MH,4,6.821709707
lda,Lightweight_MH,4,7.053631692
lda,Lightweight_MH,4,7.146665771
lda,Lightweight_MH,4,7.202544261
lda,Lightweight_MH,4,7.445991177
lda,Lightweight_MH,4,7.6555695230000005
lda,Lightweight_MH,4,7.994874913
lda,Lightweight_MH,4,8.373730857
lda,Lightweight_MH,4,8.69823134
lda,Lightweight_MH,4,7.086440268
lda,Lightweight_MH,5,9.169278376
lda,Lightweight_MH,5,9.725051714
lda,Lightweight_MH,5,9.343431825
lda,Lightweight_MH,5,9.82706859
lda,Lightweight_MH,5,10.030363271
lda,Lightweight_MH,5,10.6217546
lda,Lightweight_MH,5,11.349325451
lda,Lightweight_MH,5,10.019509605
lda,Lightweight_MH,5,9.388895602
lda,Lightweight_MH,5,9.82147246
lda,Lightweight_MH,5,9.919482443
lda,Lightweight_MH,5,9.884614045
lda,Lightweight_MH,5,10.578840737
lda,Lightweight_MH,5,11.024069031
lda,Lightweight_MH,5,10.974648912
lda,Lightweight_MH,5,8.693473976
lda,Lightweight_MH,5,9.215770473
lda,Lightweight_MH,5,9.255987358
lda,Lightweight_MH,5,9.851862687
lda,Lightweight_MH,5,10.386838777
lda,Lightweight_MH,6,12.94336474
lda,Lightweight_MH,6,13.353589978
lda,Lightweight_MH,6,12.517580294
lda,Lightweight_MH,6,11.356210511
lda,Lightweight_MH,6,11.673295893
lda,Lightweight_MH,6,12.300026853
lda,Lightweight_MH,6,12.901565099
lda,Lightweight_MH,6,13.243099811
lda,Lightweight_MH,6,13.297452911
lda,Lightweight_MH,6,10.992644481
lda,Lightweight_MH,6,11.28756227
lda,Lightweight_MH,6,11.945590473
lda,Lightweight_MH,6,12.298911113
lda,Lightweight_MH,6,12.615825693
lda,Lightweight_MH,6,12.617369364
lda,Lightweight_MH,6,13.336585287
lda,Lightweight_MH,6,10.933202525
lda,Lightweight_MH,6,11.689007806
lda,Lightweight_MH,6,12.016559588
lda,Lightweight_MH,6,12.23506693
lda,Lightweight_MH,7,15.654460656
lda,Lightweight_MH,7,16.826239058
lda,Lightweight_MH,7,12.953666897
lda,Lightweight_MH,7,13.249305524
lda,Lightweight_MH,7,14.357992333
lda,Lightweight_MH,7,15.180731806
lda,Lightweight_MH,7,15.82338403
lda,Lightweight_MH,7,15.886480531
lda,Lightweight_MH,7,13.091359937
lda,Lightweight_MH,7,14.301302641
lda,Lightweight_MH,7,14.67146882
lda,Lightweight_MH,7,15.48870033
lda,Lightweight_MH,7,15.425694123
lda,Lightweight_MH,7,14.248870466
lda,Lightweight_MH,7,13.475814903
lda,Lightweight_MH,7,14.179878655
lda,Lightweight_MH,7,15.548265965
lda,Lightweight_MH,7,15.560762185
lda,Lightweight_MH,7,16.108033854
lda,Lightweight_MH,7,13.015547729
lda,Lightweight_MH,8,16.31797018
lda,Lightweight_MH,8,16.9070914
lda,Lightweight_MH,8,17.906611103
lda,Lightweight_MH,8,18.553740042
lda,Lightweight_MH,8,15.568064624
lda,Lightweight_MH,8,15.340601506
lda,Lightweight_MH,8,17.123462033
lda,Lightweight_MH,8,17.785893679
lda,Lightweight_MH,8,18.341828122
lda,Lightweight_MH,8,15.416901049
lda,Lightweight_MH,8,16.495168727
lda,Lightweight_MH,8,17.537975856
lda,Lightweight_MH,8,18.168955789
lda,Lightweight_MH,8,15.971444181
lda,Lightweight_MH,8,15.396949904
lda,Lightweight_MH,8,15.666714724
lda,Lightweight_MH,8,16.552996823
lda,Lightweight_MH,8,17.695323255
lda,Lightweight_MH,8,15.646454448
lda,Lightweight_MH,8,15.020761223
lda,Lightweight_MH,9,18.23765099
lda,Lightweight_MH,9,19.634248146
lda,Lightweight_MH,9,19.088866966
lda,Lightweight_MH,9,16.839924995
lda,Lightweight_MH,9,17.943850397
lda,Lightweight_MH,9,19.538131726
lda,Lightweight_MH,9,19.106069911
lda,Lightweight_MH,9,17.298287846
lda,Lightweight_MH,9,18.050373901
lda,Lightweight_MH,9,19.074672663
lda,Lightweight_MH,9,20.068780928
lda,Lightweight_MH,9,17.077730745
lda,Lightweight_MH,9,17.96141755
lda,Lightweight_MH,9,19.06393961
lda,Lightweight_MH,9,19.816102784999998
lda,Lightweight_MH,9,16.447258257
lda,Lightweight_MH,9,17.909025532
lda,Lightweight_MH,9,19.160889448
lda,Lightweight_MH,9,20.726869773
lda,Lightweight_MH,9,16.864132526
lda,Lightweight_MH,10,20.067237818
lda,Lightweight_MH,10,22.088999192
lda,Lightweight_MH,10,22.139507377
lda,Lightweight_MH,10,19.875908207
lda,Lightweight_MH,10,21.313366414
lda,Lightweight_MH,10,22.421351908
lda,Lightweight_MH,10,19.449802555
lda,Lightweight_MH,10,19.71391155
lda,Lightweight_MH,10,21.420554252
lda,Lightweight_MH,10,22.669712593
lda,Lightweight_MH,10,18.941206995
lda,Lightweight_MH,10,19.92448854
lda,Lightweight_MH,10,22.270077468
lda,Lightweight_MH,10,19.943024321
lda,Lightweight_MH,10,19.685487412
lda,Lightweight_MH,10,22.478633754
lda,Lightweight_MH,10,23.693645601
lda,Lightweight_MH,10,19.643273369
lda,Lightweight_MH,10,21.140254348
lda,Lightweight_MH,10,22.788075579
lda,Incremental_MH,1,0.307104275
lda,Incremental_MH,1,0.273532197
lda,Incremental_MH,1,0.263715934
lda,Incremental_MH,1,0.279454835
lda,Incremental_MH,1,0.26512246
lda,Incremental_MH,1,0.25715553
lda,Incremental_MH,1,0.252795089
lda,Incremental_MH,1,0.254820376
lda,Incremental_MH,1,0.297971773
lda,Incremental_MH,1,0.260582965
lda,Incremental_MH,1,0.258117851
lda,Incremental_MH,1,0.255927578
lda,Incremental_MH,1,0.261686139
lda,Incremental_MH,1,0.24942245
lda,Incremental_MH,1,0.246384356
lda,Incremental_MH,1,0.26231495
lda,Incremental_MH,1,0.25996645
lda,Incremental_MH,1,0.25382348
lda,Incremental_MH,1,0.250772769
lda,Incremental_MH,1,0.25604432
lda,Incremental_MH,2,0.250917803
lda,Incremental_MH,2,0.247757741
lda,Incremental_MH,2,0.243992583
lda,Incremental_MH,2,0.252714867
lda,Incremental_MH,2,0.242743614
lda,Incremental_MH,2,0.253060704
lda,Incremental_MH,2,0.252479637
lda,Incremental_MH,2,0.251669392
lda,Incremental_MH,2,0.275654943
lda,Incremental_MH,2,0.275996105
lda,Incremental_MH,2,0.268409961
lda,Incremental_MH,2,0.255181263
lda,Incremental_MH,2,0.253329872
lda,Incremental_MH,2,0.266016043
lda,Incremental_MH,2,0.254517203
lda,Incremental_MH,2,0.259830418
lda,Incremental_MH,2,0.260256266
lda,Incremental_MH,2,0.262451854
lda,Incremental_MH,2,0.259277865
lda,Incremental_MH,2,0.259921834
lda,Incremental_MH,3,0.288528133
lda,Incremental_MH,3,0.28576807
lda,Incremental_MH,3,0.277196522
lda,Incremental_MH,3,0.260955875
lda,Incremental_MH,3,0.285357862
lda,Incremental_MH,3,0.273619697
lda,Incremental_MH,3,0.271373724
lda,Incremental_MH,3,0.267878294
lda,Incremental_MH,3,0.281327347
lda,Incremental_MH,3,0.270587263
lda,Incremental_MH,3,0.264385056
lda,Incremental_MH,3,0.266660146
lda,Incremental_MH,3,0.266232445
lda,Incremental_MH,3,0.273981557
lda,Incremental_MH,3,0.283168679
lda,Incremental_MH,3,0.269591197
lda,Incremental_MH,3,0.284700473
lda,Incremental_MH,3,0.276075847
lda,Incremental_MH,3,0.269404953
lda,Incremental_MH,3,0.263922599
lda,Incremental_MH,4,0.270120605
lda,Incremental_MH,4,0.316263423
lda,Incremental_MH,4,0.309017412
lda,Incremental_MH,4,0.288619508
lda,Incremental_MH,4,0.285632841
lda,Incremental_MH,4,0.295406999
lda,Incremental_MH,4,0.286166091
lda,Incremental_MH,4,0.303924139
lda,Incremental_MH,4,0.278428909
lda,Incremental_MH,4,0.279701973
lda,Incremental_MH,4,0.287498533
lda,Incremental_MH,4,0.290111263
lda,Incremental_MH,4,0.282999886
lda,Incremental_MH,4,0.306718272
lda,Incremental_MH,4,0.297794612
lda,Incremental_MH,4,0.293415573
lda,Incremental_MH,4,0.284762939
lda,Incremental_MH,4,0.279885378
lda,Incremental_MH,4,0.279005615
lda,Incremental_MH,4,0.319479076
lda,Incremental_MH,5,0.303683605
lda,Incremental_MH,5,0.287431454
lda,Incremental_MH,5,0.292284447
lda,Incremental_MH,5,0.305434001
lda,Incremental_MH,5,0.296411096
lda,Incremental_MH,5,0.311042001
lda,Incremental_MH,5,0.303965182
lda,Incremental_MH,5,0.296047437
lda,Incremental_MH,5,0.32179491
lda,Incremental_MH,5,0.294903918
lda,Incremental_MH,5,0.291096859
lda,Incremental_MH,5,0.318255261
lda,Incremental_MH,5,0.312598144
lda,Incremental_MH,5,0.299693563
lda,Incremental_MH,5,0.300206768
lda,Incremental_MH,5,0.290809122
lda,Incremental_MH,5,0.29596464
lda,Incremental_MH,5,0.330516698
lda,Incremental_MH,5,0.288599809
lda,Incremental_MH,5,0.302946483
lda,Incremental_MH,6,0.303421504
lda,Incremental_MH,6,0.320228785
lda,Incremental_MH,6,0.300880661
lda,Incremental_MH,6,0.300930705
lda,Incremental_MH,6,0.331471421
lda,Incremental_MH,6,0.324311306
lda,Incremental_MH,6,0.330923212
lda,Incremental_MH,6,0.307079137
lda,Incremental_MH,6,0.30667724
lda,Incremental_MH,6,0.311618134
lda,Incremental_MH,6,0.304500778
lda,Incremental_MH,6,0.30016825
lda,Incremental_MH,6,0.312253729
lda,Incremental_MH,6,0.315271109
lda,Incremental_MH,6,0.297062032
lda,Incremental_MH,6,0.315828307
lda,Incremental_MH,6,0.332971363
lda,Incremental_MH,6,0.30161472
lda,Incremental_MH,6,0.315539635
lda,Incremental_MH,6,0.322049228
lda,Incremental_MH,7,0.340199969
lda,Incremental_MH,7,0.334876989
lda,Incremental_MH,7,0.333004166
lda,Incremental_MH,7,0.333890734
lda,Incremental_MH,7,0.320838624
lda,Incremental_MH,7,0.328114839
lda,Incremental_MH,7,0.328731538
lda,Incremental_MH,7,0.340674461
lda,Incremental_MH,7,0.314633873
lda,Incremental_MH,7,0.304728291
lda,Incremental_MH,7,0.340553722
lda,Incremental_MH,7,0.338784465
lda,Incremental_MH,7,0.330953431
lda,Incremental_MH,7,0.343220973
lda,Incremental_MH,7,0.337062041
lda,Incremental_MH,7,0.338064383
lda,Incremental_MH,7,0.317577266
lda,Incremental_MH,7,0.323533998
lda,Incremental_MH,7,0.326048708
lda,Incremental_MH,7,0.329042776
lda,Incremental_MH,8,0.339744585
lda,Incremental_MH,8,0.344220868
lda,Incremental_MH,8,0.351802235
lda,Incremental_MH,8,0.335480142
lda,Incremental_MH,8,0.344227147
lda,Incremental_MH,8,0.344904068
lda,Incremental_MH,8,0.355758298
lda,Incremental_MH,8,0.359280156
lda,Incremental_MH,8,0.333659386
lda,Incremental_MH,8,0.337783365
lda,Incremental_MH,8,0.344251566
lda,Incremental_MH,8,0.343189113
lda,Incremental_MH,8,0.334714358
lda,Incremental_MH,8,0.333335883
lda,Incremental_MH,8,0.335344639
lda,Incremental_MH,8,0.346443058
lda,Incremental_MH,8,0.347117774
lda,Incremental_MH,8,0.340534799
lda,Incremental_MH,8,0.337692757
lda,Incremental_MH,8,0.333615862
lda,Incremental_MH,9,0.362478717
lda,Incremental_MH,9,0.364951801
lda,Incremental_MH,9,0.351912938
lda,Incremental_MH,9,0.358575142
lda,Incremental_MH,9,0.373351221
lda,Incremental_MH,9,0.349271542
lda,Incremental_MH,9,0.347247179
lda,Incremental_MH,9,0.41932144
lda,Incremental_MH,9,0.343495518
lda,Incremental_MH,9,0.331025526
lda,Incremental_MH,9,0.350140216
lda,Incremental_MH,9,0.358057237
lda,Incremental_MH,9,0.347166908
lda,Incremental_MH,9,0.383283651
lda,Incremental_MH,9,0.366467084
lda,Incremental_MH,9,0.353467036
lda,Incremental_MH,9,0.346180185
lda,Incremental_MH,9,0.364814311
lda,Incremental_MH,9,0.361099835
lda,Incremental_MH,9,0.432575961
lda,Incremental_MH,10,0.383624264
lda,Incremental_MH,10,0.39086529
lda,Incremental_MH,10,0.38452451
lda,Incremental_MH,10,0.432022197
lda,Incremental_MH,10,0.390950453
lda,Incremental_MH,10,0.439123198
lda,Incremental_MH,10,0.38241058
lda,Incremental_MH,10,0.395830873
lda,Incremental_MH,10,0.384089944
lda,Incremental_MH,10,0.376417461
lda,Incremental_MH,10,0.368103703
lda,Incremental_MH,10,0.395202283
lda,Incremental_MH,10,0.359981022
lda,Incremental_MH,10,0.375988738
lda,Incremental_MH,10,0.505185332
lda,Incremental_MH,10,0.365022745
lda,Incremental_MH,10,0.379702705
lda,Incremental_MH,10,0.402338669
lda,Incremental_MH,10,0.421199677
lda,Incremental_MH,10,0.405827306
gmm,Lightweight_MH,1,0.914114182
gmm,Lightweight_MH,1,0.815249945
gmm,Lightweight_MH,1,0.833901456
gmm,Lightweight_MH,1,0.864366522
gmm,Lightweight_MH,1,0.79107489
gmm,Lightweight_MH,1,0.798281509
gmm,Lightweight_MH,1,0.824210355
gmm,Lightweight_MH,1,0.804861448
gmm,Lightweight_MH,1,0.824411638
gmm,Lightweight_MH,1,0.815804094
gmm,Lightweight_MH,1,0.790185647
gmm,Lightweight_MH,1,0.754958107
gmm,Lightweight_MH,1,0.801165574
gmm,Lightweight_MH,1,0.802766768
gmm,Lightweight_MH,1,0.818814698
gmm,Lightweight_MH,1,0.837439453
gmm,Lightweight_MH,1,0.872691682
gmm,Lightweight_MH,1,0.791664281
gmm,Lightweight_MH,1,0.81645907
gmm,Lightweight_MH,1,0.786878111
gmm,Lightweight_MH,2,2.241823044
gmm,Lightweight_MH,2,2.169160434
gmm,Lightweight_MH,2,2.067964826
gmm,Lightweight_MH,2,2.063957674
gmm,Lightweight_MH,2,2.117287906
gmm,Lightweight_MH,2,2.184424945
gmm,Lightweight_MH,2,2.046253551
gmm,Lightweight_MH,2,2.214684564
gmm,Lightweight_MH,2,2.191841799
gmm,Lightweight_MH,2,2.15438699
gmm,Lightweight_MH,2,2.233373209
gmm,Lightweight_MH,2,2.336188948
gmm,Lightweight_MH,2,2.146435791
gmm,Lightweight_MH,2,2.182883644
gmm,Lightweight_MH,2,2.232014757
gmm,Lightweight_MH,2,2.263338606
gmm,Lightweight_MH,2,2.242212974
gmm,Lightweight_MH,2,2.262898741
gmm,Lightweight_MH,2,2.203407709
gmm,Lightweight_MH,2,2.225378384
gmm,Lightweight_MH,3,4.340262568
gmm,Lightweight_MH,3,4.458496824
gmm,Lightweight_MH,3,4.5590658269999995
gmm,Lightweight_MH,3,4.518786829
gmm,Lightweight_MH,3,4.448068769
gmm,Lightweight_MH,3,4.561663077
gmm,Lightweight_MH,3,4.490930806
gmm,Lightweight_MH,3,4.6023577190000005
gmm,Lightweight_MH,3,4.616206401
gmm,Lightweight_MH,3,4.678660184
gmm,Lightweight_MH,3,4.816526455
gmm,Lightweight_MH,3,4.685817487
gmm,Lightweight_MH,3,4.680227688
gmm,Lightweight_MH,3,4.744040309
gmm,Lightweight_MH,3,4.80503052
gmm,Lightweight_MH,3,4.731298179
gmm,Lightweight_MH,3,4.656520943
gmm,Lightweight_MH,3,5.013006741
gmm,Lightweight_MH,3,5.05000903
gmm,Lightweight_MH,3,5.013253292
gmm,Lightweight_MH,4,8.848784788
gmm,Lightweight_MH,4,9.191359976
gmm,Lightweight_MH,4,9.265836515
gmm,Lightweight_MH,4,9.074663385
gmm,Lightweight_MH,4,9.551551596
gmm,Lightweight_MH,4,9.572955418
gmm,Lightweight_MH,4,9.758197219
gmm,Lightweight_MH,4,9.594868046
gmm,Lightweight_MH,4,9.366237207
gmm,Lightweight_MH,4,9.222375504
gmm,Lightweight_MH,4,9.45376797
gmm,Lightweight_MH,4,9.406180068
gmm,Lightweight_MH,4,9.669618393
gmm,Lightweight_MH,4,9.618984242
gmm,Lightweight_MH,4,9.780287658
gmm,Lightweight_MH,4,9.825220596
gmm,Lightweight_MH,4,10.118912769
gmm,Lightweight_MH,4,10.58536506
gmm,Lightweight_MH,4,9.559828137
gmm,Lightweight_MH,4,9.632821988
gmm,Lightweight_MH,5,14.961036597
gmm,Lightweight_MH,5,15.780126245
gmm,Lightweight_MH,5,15.405681979
gmm,Lightweight_MH,5,16.14247754
gmm,Lightweight_MH,5,15.977209758
gmm,Lightweight_MH,5,15.922147028
gmm,Lightweight_MH,5,16.268117735
gmm,Lightweight_MH,5,16.825074763
gmm,Lightweight_MH,5,16.08188495
gmm,Lightweight_MH,5,15.365019518
gmm,Lightweight_MH,5,15.842387642
gmm,Lightweight_MH,5,16.091487727
gmm,Lightweight_MH,5,16.089254431
gmm,Lightweight_MH,5,15.888141555
gmm,Lightweight_MH,5,16.932652017
gmm,Lightweight_MH,5,16.790133558
gmm,Lightweight_MH,5,16.84740806
gmm,Lightweight_MH,5,16.991358807
gmm,Lightweight_MH,5,16.917108136
gmm,Lightweight_MH,5,15.713563887
gmm,Lightweight_MH,6,23.579175626
gmm,Lightweight_MH,6,23.965297732
gmm,Lightweight_MH,6,24.590328883
gmm,Lightweight_MH,6,24.335193762
gmm,Lightweight_MH,6,25.713946314
gmm,Lightweight_MH,6,23.802203334
gmm,Lightweight_MH,6,24.752164649
gmm,Lightweight_MH,6,25.397967838
gmm,Lightweight_MH,6,23.320554406
gmm,Lightweight_MH,6,23.719106375
gmm,Lightweight_MH,6,24.123299451
gmm,Lightweight_MH,6,24.621739618
gmm,Lightweight_MH,6,24.736631412
gmm,Lightweight_MH,6,24.931924018
gmm,Lightweight_MH,6,25.286051147
gmm,Lightweight_MH,6,25.532077041
gmm,Lightweight_MH,6,25.359877284
gmm,Lightweight_MH,6,23.716606157
gmm,Lightweight_MH,6,23.40408518
gmm,Lightweight_MH,6,23.439389371
gmm,Lightweight_MH,7,36.552468136
gmm,Lightweight_MH,7,34.536725889
gmm,Lightweight_MH,7,36.22819483
gmm,Lightweight_MH,7,36.287023062
gmm,Lightweight_MH,7,34.248170429
gmm,Lightweight_MH,7,34.589067275
gmm,Lightweight_MH,7,34.530376521
gmm,Lightweight_MH,7,35.477639465
gmm,Lightweight_MH,7,33.848478779
gmm,Lightweight_MH,7,34.644594755
gmm,Lightweight_MH,7,35.887537733
gmm,Lightweight_MH,7,33.560163554
gmm,Lightweight_MH,7,33.699547027
gmm,Lightweight_MH,7,33.959905419
gmm,Lightweight_MH,7,35.291300061
gmm,Lightweight_MH,7,34.589502292
gmm,Lightweight_MH,7,36.548857847
gmm,Lightweight_MH,7,35.240668559
gmm,Lightweight_MH,7,34.037374804
gmm,Lightweight_MH,7,32.908734078
gmm,Lightweight_MH,8,48.418661138
gmm,Lightweight_MH,8,49.074681627
gmm,Lightweight_MH,8,49.967084871
gmm,Lightweight_MH,8,48.583378656
gmm,Lightweight_MH,8,47.725103522
gmm,Lightweight_MH,8,48.055572156
gmm,Lightweight_MH,8,49.591858784
gmm,Lightweight_MH,8,44.801286056
gmm,Lightweight_MH,8,46.729693582
gmm,Lightweight_MH,8,48.865088882
gmm,Lightweight_MH,8,47.142182023
gmm,Lightweight_MH,8,46.171702859
gmm,Lightweight_MH,8,47.673163211
gmm,Lightweight_MH,8,48.290658748
gmm,Lightweight_MH,8,47.620715299
gmm,Lightweight_MH,8,45.688617453
gmm,Lightweight_MH,8,46.876437777
gmm,Lightweight_MH,8,46.911632069
gmm,Lightweight_MH,8,47.784146919
gmm,Lightweight_MH,8,47.394575954
gmm,Lightweight_MH,9,66.175115759
gmm,Lightweight_MH,9,62.283882792
gmm,Lightweight_MH,9,65.445529675
gmm,Lightweight_MH,9,63.391817645
gmm,Lightweight_MH,9,65.027255809
gmm,Lightweight_MH,9,65.78632675
gmm,Lightweight_MH,9,66.983624659
gmm,Lightweight_MH,9,65.153951069
gmm,Lightweight_MH,9,62.837685039
gmm,Lightweight_MH,9,64.33466083
gmm,Lightweight_MH,9,63.942083627
gmm,Lightweight_MH,9,63.735751908
gmm,Lightweight_MH,9,63.094474053
gmm,Lightweight_MH,9,64.551199526
gmm,Lightweight_MH,9,67.426267291
gmm,Lightweight_MH,9,66.417481794
gmm,Lightweight_MH,9,64.991127462
gmm,Lightweight_MH,9,64.902471779
gmm,Lightweight_MH,9,65.666711263
gmm,Lightweight_MH,9,66.069227347
gmm,Lightweight_MH,10,88.144609661
gmm,Lightweight_MH,10,89.670085315
gmm,Lightweight_MH,10,88.540435147
gmm,Lightweight_MH,10,87.23218879
gmm,Lightweight_MH,10,85.357437827
gmm,Lightweight_MH,10,85.89438769
gmm,Lightweight_MH,10,89.845986646
gmm,Lightweight_MH,10,86.554402622
gmm,Lightweight_MH,10,85.416498084
gmm,Lightweight_MH,10,87.556399411
gmm,Lightweight_MH,10,88.511471732
gmm,Lightweight_MH,10,85.910881168
gmm,Lightweight_MH,10,83.842621724
gmm,Lightweight_MH,10,81.069224136
gmm,Lightweight_MH,10,84.222663657
gmm,Lightweight_MH,10,81.282916042
gmm,Lightweight_MH,10,87.392664043
gmm,Lightweight_MH,10,85.328537894
gmm,Lightweight_MH,10,85.083228259
gmm,Lightweight_MH,10,86.997671412
gmm,Incremental_MH,1,0.54118083
gmm,Incremental_MH,1,0.4768736
gmm,Incremental_MH,1,0.599129649
gmm,Incremental_MH,1,0.586127252
gmm,Incremental_MH,1,0.465172833
gmm,Incremental_MH,1,0.435488243
gmm,Incremental_MH,1,0.430718089
gmm,Incremental_MH,1,0.493837127
gmm,Incremental_MH,1,0.582224846
gmm,Incremental_MH,1,0.428128095
gmm,Incremental_MH,1,0.554547418
gmm,Incremental_MH,1,0.538334123
gmm,Incremental_MH,1,0.513110091
gmm,Incremental_MH,1,0.403363899
gmm,Incremental_MH,1,0.401256867
gmm,Incremental_MH,1,0.56917343
gmm,Incremental_MH,1,0.454659613
gmm,Incremental_MH,1,0.606639464
gmm,Incremental_MH,1,0.524391261
gmm,Incremental_MH,1,0.470728219
gmm,Incremental_MH,2,0.593608919
gmm,Incremental_MH,2,0.799106365
gmm,Incremental_MH,2,0.680695176
gmm,Incremental_MH,2,0.78648285
gmm,Incremental_MH,2,0.580055346
gmm,Incremental_MH,2,0.648840152
gmm,Incremental_MH,2,0.428552437
gmm,Incremental_MH,2,0.772325361
gmm,Incremental_MH,2,0.770999046
gmm,Incremental_MH,2,0.57525078
gmm,Incremental_MH,2,0.622624962
gmm,Incremental_MH,2,0.896322875
gmm,Incremental_MH,2,0.768912402
gmm,Incremental_MH,2,0.543357118
gmm,Incremental_MH,2,0.629258656
gmm,Incremental_MH,2,0.784558668
gmm,Incremental_MH,2,0.659933396
gmm,Incremental_MH,2,0.641321958
gmm,Incremental_MH,2,0.617926009
gmm,Incremental_MH,2,0.675211511
gmm,Incremental_MH,3,0.620687542
gmm,Incremental_MH,3,0.755215023
gmm,Incremental_MH,3,0.813759904
gmm,Incremental_MH,3,0.655805103
gmm,Incremental_MH,3,0.862687304
gmm,Incremental_MH,3,1.153210385
gmm,Incremental_MH,3,0.866802527
gmm,Incremental_MH,3,0.825647247
gmm,Incremental_MH,3,0.916941623
gmm,Incremental_MH,3,0.803609889
gmm,Incremental_MH,3,0.787974015
gmm,Incremental_MH,3,0.979866187
gmm,Incremental_MH,3,0.83943048
gmm,Incremental_MH,3,1.2289891960000001
gmm,Incremental_MH,3,0.705736445
gmm,Incremental_MH,3,0.925663307
gmm,Incremental_MH,3,0.819905339
gmm,Incremental_MH,3,0.985546333
gmm,Incremental_MH,3,0.699019354
gmm,Incremental_MH,3,0.701250843
gmm,Incremental_MH,4,0.644286018
gmm,Incremental_MH,4,0.791072984
gmm,Incremental_MH,4,0.795941666
gmm,Incremental_MH,4,0.765783756
gmm,Incremental_MH,4,0.896928721
gmm,Incremental_MH,4,0.953721728
gmm,Incremental_MH,4,0.924396019
gmm,Incremental_MH,4,1.075646872
gmm,Incremental_MH,4,1.059358132
gmm,Incremental_MH,4,1.138970556
gmm,Incremental_MH,4,0.942258734
gmm,Incremental_MH,4,0.842965121
gmm,Incremental_MH,4,0.788077961
gmm,Incremental_MH,4,0.826982849
gmm,Incremental_MH,4,1.235291708
gmm,Incremental_MH,4,0.751317637
gmm,Incremental_MH,4,0.887419133
gmm,Incremental_MH,4,0.51370868
gmm,Incremental_MH,4,0.834725401
gmm,Incremental_MH,4,0.857044866
gmm,Incremental_MH,5,1.354622813
gmm,Incremental_MH,5,1.721782493
gmm,Incremental_MH,5,1.9719487629999999
gmm,Incremental_MH,5,1.272346533
gmm,Incremental_MH,5,1.019326306
gmm,Incremental_MH,5,1.387935165
gmm,Incremental_MH,5,1.093121586
gmm,Incremental_MH,5,1.070934786
gmm,Incremental_MH,5,1.05746869
gmm,Incremental_MH,5,1.351142806
gmm,Incremental_MH,5,2.091243957
gmm,Incremental_MH,5,1.148924759
gmm,Incremental_MH,5,1.721287462
gmm,Incremental_MH,5,1.2429046129999999
gmm,Incremental_MH,5,1.8383391329999998
gmm,Incremental_MH,5,1.480047597
gmm,Incremental_MH,5,0.840812343
gmm,Incremental_MH,5,1.042396107
gmm,Incremental_MH,5,1.237539407
gmm,Incremental_MH,5,1.340201614
gmm,Incremental_MH,6,1.803835414
gmm,Incremental_MH,6,1.342708426
gmm,Incremental_MH,6,2.296187663
gmm,Incremental_MH,6,1.490622143
gmm,Incremental_MH,6,1.094160141
gmm,Incremental_MH,6,1.412673947
gmm,Incremental_MH,6,1.092731018
gmm,Incremental_MH,6,1.5555369
gmm,Incremental_MH,6,0.702532894
gmm,Incremental_MH,6,1.149591854
gmm,Incremental_MH,6,1.43779566
gmm,Incremental_MH,6,1.5188256770000002
gmm,Incremental_MH,6,0.558583864
gmm,Incremental_MH,6,1.323653813
gmm,Incremental_MH,6,1.316184958
gmm,Incremental_MH,6,1.225020935
gmm,Incremental_MH,6,1.16899212
gmm,Incremental_MH,6,0.917741499
gmm,Incremental_MH,6,0.872993048
gmm,Incremental_MH,6,1.565964307
gmm,Incremental_MH,7,1.845041704
gmm,Incremental_MH,7,0.796234361
gmm,Incremental_MH,7,1.6156351230000001
gmm,Incremental_MH,7,1.362144493
gmm,Incremental_MH,7,2.647884028
gmm,Incremental_MH,7,1.6438555049999999
gmm,Incremental_MH,7,1.600928679
gmm,Incremental_MH,7,2.172233153
gmm,Incremental_MH,7,1.3647623260000001
gmm,Incremental_MH,7,1.567494983
gmm,Incremental_MH,7,1.561433612
gmm,Incremental_MH,7,1.7254402039999999
gmm,Incremental_MH,7,1.030025914
gmm,Incremental_MH,7,1.002162015
gmm,Incremental_MH,7,1.196400862
gmm,Incremental_MH,7,0.528554547
gmm,Incremental_MH,7,1.393412125
gmm,Incremental_MH,7,1.1321275769999999
gmm,Incremental_MH,7,0.959262526
gmm,Incremental_MH,7,2.130927985
gmm,Incremental_MH,8,2.843525435
gmm,Incremental_MH,8,1.253509209
gmm,Incremental_MH,8,1.9211650900000001
gmm,Incremental_MH,8,2.033075668
gmm,Incremental_MH,8,2.03555895
gmm,Incremental_MH,8,1.851081955
gmm,Incremental_MH,8,2.490143814
gmm,Incremental_MH,8,2.673280323
gmm,Incremental_MH,8,2.090966928
gmm,Incremental_MH,8,0.993068555
gmm,Incremental_MH,8,1.754626918
gmm,Incremental_MH,8,1.56301158
gmm,Incremental_MH,8,1.990580499
gmm,Incremental_MH,8,2.446327219
gmm,Incremental_MH,8,2.697829057
gmm,Incremental_MH,8,1.324860417
gmm,Incremental_MH,8,2.172790385
gmm,Incremental_MH,8,1.47696819
gmm,Incremental_MH,8,2.086684095
gmm,Incremental_MH,8,2.58070693
gmm,Incremental_MH,9,2.4668896399999998
gmm,Incremental_MH,9,1.665465673
gmm,Incremental_MH,9,1.521319095
gmm,Incremental_MH,9,1.846719401
gmm,Incremental_MH,9,1.9812395999999999
gmm,Incremental_MH,9,1.67224076
gmm,Incremental_MH,9,2.113481356
gmm,Incremental_MH,9,2.435171215
gmm,Incremental_MH,9,2.548533472
gmm,Incremental_MH,9,1.437402142
gmm,Incremental_MH,9,0.853431091
gmm,Incremental_MH,9,1.439169661
gmm,Incremental_MH,9,1.795021861
gmm,Incremental_MH,9,1.697172901
gmm,Incremental_MH,9,2.293669816
gmm,Incremental_MH,9,2.085333362
gmm,Incremental_MH,9,2.280801869
gmm,Incremental_MH,9,2.722154595
gmm,Incremental_MH,9,1.076120603
gmm,Incremental_MH,9,3.068248082
gmm,Incremental_MH,10,2.361184406
gmm,Incremental_MH,10,1.458449932
gmm,Incremental_MH,10,4.146967252
gmm,Incremental_MH,10,3.074553097
gmm,Incremental_MH,10,1.798196113
gmm,Incremental_MH,10,4.342656845
gmm,Incremental_MH,10,2.4055388300000002
gmm,Incremental_MH,10,2.356861534
gmm,Incremental_MH,10,3.324342866
gmm,Incremental_MH,10,2.402756923
gmm,Incremental_MH,10,1.563535871
gmm,Incremental_MH,10,2.149210354
gmm,Incremental_MH,10,2.368687967
gmm,Incremental_MH,10,2.7619915390000003
gmm,Incremental_MH,10,3.008963688
gmm,Incremental_MH,10,3.033276198
gmm,Incremental_MH,10,2.6168850729999997
gmm,Incremental_MH,10,2.541656901
gmm,Incremental_MH,10,2.826437871
gmm,Incremental_MH,10,4.432638766
hlr,Lightweight_MH,1,1.052461217
hlr,Lightweight_MH,1,0.923368758
hlr,Lightweight_MH,1,1.020868929
hlr,Lightweight_MH,1,0.960603975
hlr,Lightweight_MH,1,1.008478864
hlr,Lightweight_MH,1,0.950466039
hlr,Lightweight_MH,1,1.070560597
hlr,Lightweight_MH,1,0.964016663
hlr,Lightweight_MH,1,0.916116246
hlr,Lightweight_MH,1,0.983556409
hlr,Lightweight_MH,1,1.005577946
hlr,Lightweight_MH,1,1.004757086
hlr,Lightweight_MH,1,0.981248298
hlr,Lightweight_MH,1,1.006412025
hlr,Lightweight_MH,1,1.00960195
hlr,Lightweight_MH,1,0.991133022
hlr,Lightweight_MH,1,0.979439621
hlr,Lightweight_MH,1,1.016245176
hlr,Lightweight_MH,1,1.08959982
hlr,Lightweight_MH,1,1.014060313
hlr,Lightweight_MH,2,1.96848079
hlr,Lightweight_MH,2,2.136147112
hlr,Lightweight_MH,2,1.98621129
hlr,Lightweight_MH,2,1.9291735920000002
hlr,Lightweight_MH,2,2.027936419
hlr,Lightweight_MH,2,2.129688179
hlr,Lightweight_MH,2,2.314592581
hlr,Lightweight_MH,2,2.069369587
hlr,Lightweight_MH,2,2.128806188
hlr,Lightweight_MH,2,2.169983629
hlr,Lightweight_MH,2,2.240400767
hlr,Lightweight_MH,2,2.396918109
hlr,Lightweight_MH,2,2.399112021
hlr,Lightweight_MH,2,2.147614107
hlr,Lightweight_MH,2,2.190478008
hlr,Lightweight_MH,2,2.249420688
hlr,Lightweight_MH,2,2.266861519
hlr,Lightweight_MH,2,2.352972474
hlr,Lightweight_MH,2,2.497852208
hlr,Lightweight_MH,2,2.418316154
hlr,Lightweight_MH,3,3.289762493
hlr,Lightweight_MH,3,3.559523458
hlr,Lightweight_MH,3,3.656184287
hlr,Lightweight_MH,3,3.707780779
hlr,Lightweight_MH,3,4.170173001
hlr,Lightweight_MH,3,3.911727052
hlr,Lightweight_MH,3,3.711034613
hlr,Lightweight_MH,3,3.909285246
hlr,Lightweight_MH,3,3.892585172
hlr,Lightweight_MH,3,4.070000001
hlr,Lightweight_MH,3,4.242304805
hlr,Lightweight_MH,3,4.591987933
hlr,Lightweight_MH,3,3.932072608
hlr,Lightweight_MH,3,3.9114630630000002
hlr,Lightweight_MH,3,3.840288658
hlr,Lightweight_MH,3,4.142335124
hlr,Lightweight_MH,3,4.24084295
hlr,Lightweight_MH,3,4.356360575
hlr,Lightweight_MH,3,4.38313214
hlr,Lightweight_MH,3,4.662536395
hlr,Lightweight_MH,4,5.656490564
hlr,Lightweight_MH,4,5.3445569
hlr,Lightweight_MH,4,5.590597369
hlr,Lightweight_MH,4,5.886944989
hlr,Lightweight_MH,4,6.127662748
hlr,Lightweight_MH,4,6.337576951
hlr,Lightweight_MH,4,6.555257401
hlr,Lightweight_MH,4,5.443093929
hlr,Lightweight_MH,4,5.55693129
hlr,Lightweight_MH,4,5.87570749
hlr,Lightweight_MH,4,6.063472354
hlr,Lightweight_MH,4,6.331009768
hlr,Lightweight_MH,4,6.907711911
hlr,Lightweight_MH,4,5.900841808
hlr,Lightweight_MH,4,5.422392519
hlr,Lightweight_MH,4,5.764154171
hlr,Lightweight_MH,4,6.083966744
hlr,Lightweight_MH,4,6.463825591
hlr,Lightweight_MH,4,6.547259712
hlr,Lightweight_MH,4,6.591207578
hlr,Lightweight_MH,5,6.994746558
hlr,Lightweight_MH,5,7.488927654
hlr,Lightweight_MH,5,7.757534408
hlr,Lightweight_MH,5,8.081497261
hlr,Lightweight_MH,5,8.707346033
hlr,Lightweight_MH,5,7.09715328
hlr,Lightweight_MH,5,7.423982201
hlr,Lightweight_MH,5,7.786470908
hlr,Lightweight_MH,5,8.21359702
hlr,Lightweight_MH,5,8.991657539
hlr,Lightweight_MH,5,7.616510068
hlr,Lightweight_MH,5,7.059523131
hlr,Lightweight_MH,5,7.726245513
hlr,Lightweight_MH,5,8.180379357
hlr,Lightweight_MH,5,8.68764043
hlr,Lightweight_MH,5,8.236542107
hlr,Lightweight_MH,5,7.661966023
hlr,Lightweight_MH,5,7.827931481
hlr,Lightweight_MH,5,8.436826197
hlr,Lightweight_MH,5,8.761493505
hlr,Lightweight_MH,6,10.222395323
hlr,Lightweight_MH,6,8.70198577
hlr,Lightweight_MH,6,9.477820731
hlr,Lightweight_MH,6,10.012664389
hlr,Lightweight_MH,6,10.698189385
hlr,Lightweight_MH,6,9.370520719
hlr,Lightweight_MH,6,9.605042433
hlr,Lightweight_MH,6,10.263022528
hlr,Lightweight_MH,6,11.093274482
hlr,Lightweight_MH,6,10.721211196
hlr,Lightweight_MH,6,9.510353803
hlr,Lightweight_MH,6,10.051297514
hlr,Lightweight_MH,6,10.770321571
hlr,Lightweight_MH,6,11.01696324
hlr,Lightweight_MH,6,9.146488582
hlr,Lightweight_MH,6,9.894727867
hlr,Lightweight_MH,6,10.140482666
hlr,Lightweight_MH,6,11.35916166
hlr,Lightweight_MH,6,10.438622117
hlr,Lightweight_MH,6,9.466040688
hlr,Lightweight_MH,7,12.207525868
hlr,Lightweight_MH,7,11.994896837
hlr,Lightweight_MH,7,11.313086246
hlr,Lightweight_MH,7,11.070038242
hlr,Lightweight_MH,7,11.798343186
hlr,Lightweight_MH,7,12.170389554
hlr,Lightweight_MH,7,11.264701509
hlr,Lightweight_MH,7,11.179742747
hlr,Lightweight_MH,7,11.956480047
hlr,Lightweight_MH,7,12.522617281
hlr,Lightweight_MH,7,11.035456015
hlr,Lightweight_MH,7,11.250120717
hlr,Lightweight_MH,7,12.065381305
hlr,Lightweight_MH,7,12.879388664
hlr,Lightweight_MH,7,10.849003442
hlr,Lightweight_MH,7,12.878143524
hlr,Lightweight_MH,7,13.600326753000001
hlr,Lightweight_MH,7,15.151192732
hlr,Lightweight_MH,7,12.341100036
hlr,Lightweight_MH,7,13.177763319
hlr,Lightweight_MH,8,16.658704754
hlr,Lightweight_MH,8,16.072314173
hlr,Lightweight_MH,8,14.893615379
hlr,Lightweight_MH,8,13.766961861
hlr,Lightweight_MH,8,14.804177909
hlr,Lightweight_MH,8,12.582015928
hlr,Lightweight_MH,8,13.623670237
hlr,Lightweight_MH,8,13.941294812
hlr,Lightweight_MH,8,13.293083862
hlr,Lightweight_MH,8,12.979357434
hlr,Lightweight_MH,8,14.046621902
hlr,Lightweight_MH,8,14.120726412
hlr,Lightweight_MH,8,12.447880596
hlr,Lightweight_MH,8,13.963259234
hlr,Lightweight_MH,8,14.981803396
hlr,Lightweight_MH,8,12.227821673
hlr,Lightweight_MH,8,13.11614358
hlr,Lightweight_MH,8,14.850807275
hlr,Lightweight_MH,8,13.160789179
hlr,Lightweight_MH,8,12.836325627
hlr,Lightweight_MH,9,16.100444665
hlr,Lightweight_MH,9,16.411316584
hlr,Lightweight_MH,9,14.986410221
hlr,Lightweight_MH,9,16.260316926
hlr,Lightweight_MH,9,15.854207603999999
hlr,Lightweight_MH,9,14.468543578
hlr,Lightweight_MH,9,16.378569692
hlr,Lightweight_MH,9,16.423508175
hlr,Lightweight_MH,9,15.569158299
hlr,Lightweight_MH,9,17.814442778
hlr,Lightweight_MH,9,18.644889133
hlr,Lightweight_MH,9,18.316995518
hlr,Lightweight_MH,9,16.226026438
hlr,Lightweight_MH,9,16.417066763
hlr,Lightweight_MH,9,14.486387508
hlr,Lightweight_MH,9,15.554227374
hlr,Lightweight_MH,9,15.398860662
hlr,Lightweight_MH,9,14.281884905
hlr,Lightweight_MH,9,15.431683708
hlr,Lightweight_MH,9,15.308848258
hlr,Lightweight_MH,10,16.043147763
hlr,Lightweight_MH,10,17.649696808
hlr,Lightweight_MH,10,16.578376772
hlr,Lightweight_MH,10,16.421881631
hlr,Lightweight_MH,10,17.930660777
hlr,Lightweight_MH,10,15.86220045
hlr,Lightweight_MH,10,16.93319656
hlr,Lightweight_MH,10,17.79786881
hlr,Lightweight_MH,10,16.044755546
hlr,Lightweight_MH,10,17.706367633
hlr,Lightweight_MH,10,17.959382706
hlr,Lightweight_MH,10,17.094914046
hlr,Lightweight_MH,10,18.541389299
hlr,Lightweight_MH,10,16.84274265
hlr,Lightweight_MH,10,18.155969527
hlr,Lightweight_MH,10,18.883567217
hlr,Lightweight_MH,10,16.017833532
hlr,Lightweight_MH,10,17.481966095
hlr,Lightweight_MH,10,17.595282269
hlr,Lightweight_MH,10,16.504161629
hlr,Incremental_MH,1,0.580280768
hlr,Incremental_MH,1,0.608817041
hlr,Incremental_MH,1,0.785087935
hlr,Incremental_MH,1,0.737601392
hlr,Incremental_MH,1,0.853093121
hlr,Incremental_MH,1,0.790635613
hlr,Incremental_MH,1,0.487868593
hlr,Incremental_MH,1,0.810821647
hlr,Incremental_MH,1,0.71289272
hlr,Incremental_MH,1,0.457782269
hlr,Incremental_MH,1,0.575504312
hlr,Incremental_MH,1,0.76252591
hlr,Incremental_MH,1,0.774553865
hlr,Incremental_MH,1,0.921294387
hlr,Incremental_MH,1,0.705545674
hlr,Incremental_MH,1,0.76772194
hlr,Incremental_MH,1,0.407687022
hlr,Incremental_MH,1,0.651527029
hlr,Incremental_MH,1,0.570897654
hlr,Incremental_MH,1,0.523876357
hlr,Incremental_MH,2,0.449033119
hlr,Incremental_MH,2,0.787582252
hlr,Incremental_MH,2,0.782704651
hlr,Incremental_MH,2,0.711628262
hlr,Incremental_MH,2,0.668835622
hlr,Incremental_MH,2,0.703844615
hlr,Incremental_MH,2,0.761950967
hlr,Incremental_MH,2,0.747235628
hlr,Incremental_MH,2,0.473708055
hlr,Incremental_MH,2,0.907316829
hlr,Incremental_MH,2,0.554364646
hlr,Incremental_MH,2,0.625577048
hlr,Incremental_MH,2,0.658150344
hlr,Incremental_MH,2,0.814702754
hlr,Incremental_MH,2,0.6424638
hlr,Incremental_MH,2,0.87777458
hlr,Incremental_MH,2,0.657645305
hlr,Incremental_MH,2,0.796971886
hlr,Incremental_MH,2,0.846919636
hlr,Incremental_MH,2,0.583854641
hlr,Incremental_MH,3,0.857636206
hlr,Incremental_MH,3,0.830211458
hlr,Incremental_MH,3,0.715744071
hlr,Incremental_MH,3,0.929379115
hlr,Incremental_MH,3,0.765660986
hlr,Incremental_MH,3,0.763337605
hlr,Incremental_MH,3,0.54728086
hlr,Incremental_MH,3,0.592869304
hlr,Incremental_MH,3,0.561412718
hlr,Incremental_MH,3,0.545686263
hlr,Incremental_MH,3,0.706840738
hlr,Incremental_MH,3,0.812310768
hlr,Incremental_MH,3,0.61143914
hlr,Incremental_MH,3,0.78870151
hlr,Incremental_MH,3,1.008108836
hlr,Incremental_MH,3,0.837284946
hlr,Incremental_MH,3,0.618026654
hlr,Incremental_MH,3,0.625470332
hlr,Incremental_MH,3,0.656096476
hlr,Incremental_MH,3,0.611740497
hlr,Incremental_MH,4,0.891294468
hlr,Incremental_MH,4,0.814109262
hlr,Incremental_MH,4,0.624283715
hlr,Incremental_MH,4,0.862149932
hlr,Incremental_MH,4,0.870475448
hlr,Incremental_MH,4,0.574529082
hlr,Incremental_MH,4,0.410400501
hlr,Incremental_MH,4,0.59449909
hlr,Incremental_MH,4,1.059344734
hlr,Incremental_MH,4,0.67962047
hlr,Incremental_MH,4,1.003465558
hlr,Incremental_MH,4,0.62079345
hlr,Incremental_MH,4,0.580060156
hlr,Incremental_MH,4,0.693567832
hlr,Incremental_MH,4,0.63621151
hlr,Incremental_MH,4,0.907237736
hlr,Incremental_MH,4,0.723788677
hlr,Incremental_MH,4,0.495108437
hlr,Incremental_MH,4,0.662514059
hlr,Incremental_MH,4,0.517473172
hlr,Incremental_MH,5,0.601623426
hlr,Incremental_MH,5,0.79560602
hlr,Incremental_MH,5,0.765175239
hlr,Incremental_MH,5,0.499546022
hlr,Incremental_MH,5,0.900258855
hlr,Incremental_MH,5,0.577286913
hlr,Incremental_MH,5,0.584385358
hlr,Incremental_MH,5,0.606686721
hlr,Incremental_MH,5,0.52395364
hlr,Incremental_MH,5,0.493859091
hlr,Incremental_MH,5,0.463844491
hlr,Incremental_MH,5,0.649575368
hlr,Incremental_MH,5,0.620734416
hlr,Incremental_MH,5,0.522381427
hlr,Incremental_MH,5,0.787646202
hlr,Incremental_MH,5,0.717960833
hlr,Incremental_MH,5,0.515143128
hlr,Incremental_MH,5,0.436684862
hlr,Incremental_MH,5,0.681093897
hlr,Incremental_MH,5,0.567901231
hlr,Incremental_MH,6,0.739626147
hlr,Incremental_MH,6,0.869630671
hlr,Incremental_MH,6,0.577462028
hlr,Incremental_MH,6,0.64761354
hlr,Incremental_MH,6,0.821510395
hlr,Incremental_MH,6,0.466920655
hlr,Incremental_MH,6,0.755077781
hlr,Incremental_MH,6,0.615698019
hlr,Incremental_MH,6,0.883489279
hlr,Incremental_MH,6,0.906352399
hlr,Incremental_MH,6,0.7336804
hlr,Incremental_MH,6,0.584145784
hlr,Incremental_MH,6,0.830291571
hlr,Incremental_MH,6,0.740612459
hlr,Incremental_MH,6,0.636612759
hlr,Incremental_MH,6,0.86056766
hlr,Incremental_MH,6,0.69017316
hlr,Incremental_MH,6,0.814902092
hlr,Incremental_MH,6,0.57405979
hlr,Incremental_MH,6,0.48645049
hlr,Incremental_MH,7,0.692442465
hlr,Incremental_MH,7,0.856575553
hlr,Incremental_MH,7,0.4753928
hlr,Incremental_MH,7,0.627291026
hlr,Incremental_MH,7,0.690003623
hlr,Incremental_MH,7,0.754575436
hlr,Incremental_MH,7,0.613156212
hlr,Incremental_MH,7,0.818390307
hlr,Incremental_MH,7,0.815997134
hlr,Incremental_MH,7,0.645337796
hlr,Incremental_MH,7,1.002941104
hlr,Incremental_MH,7,0.758158502
hlr,Incremental_MH,7,0.851167075
hlr,Incremental_MH,7,0.614096047
hlr,Incremental_MH,7,0.930998785
hlr,Incremental_MH,7,0.70484603
hlr,Incremental_MH,7,0.802769629
hlr,Incremental_MH,7,0.703429258
hlr,Incremental_MH,7,1.070290693
hlr,Incremental_MH,7,0.810453777
hlr,Incremental_MH,8,0.87708611
hlr,Incremental_MH,8,0.654732679
hlr,Incremental_MH,8,0.738715314
hlr,Incremental_MH,8,0.663457174
hlr,Incremental_MH,8,0.600092717
hlr,Incremental_MH,8,1.031927327
hlr,Incremental_MH,8,0.735611569
hlr,Incremental_MH,8,0.625414894
hlr,Incremental_MH,8,0.985351986
hlr,Incremental_MH,8,0.72652985
hlr,Incremental_MH,8,0.917574417
hlr,Incremental_MH,8,0.904914224
hlr,Incremental_MH,8,0.726186059
hlr,Incremental_MH,8,0.902732829
hlr,Incremental_MH,8,0.535647679
hlr,Incremental_MH,8,0.772531834
hlr,Incremental_MH,8,1.093809773
hlr,Incremental_MH,8,0.580516273
hlr,Incremental_MH,8,1.075226421
hlr,Incremental_MH,8,0.835061628
hlr,Incremental_MH,9,0.786002914
hlr,Incremental_MH,9,0.710561458
hlr,Incremental_MH,9,1.039573172
hlr,Incremental_MH,9,0.906979017
hlr,Incremental_MH,9,0.822779933
hlr,Incremental_MH,9,0.775417022
hlr,Incremental_MH,9,0.823623394
hlr,Incremental_MH,9,0.668622974
hlr,Incremental_MH,9,0.805564371
hlr,Incremental_MH,9,0.657854277
hlr,Incremental_MH,9,0.797513814
hlr,Incremental_MH,9,0.796191985
hlr,Incremental_MH,9,1.003110672
hlr,Incremental_MH,9,0.866996425
hlr,Incremental_MH,9,1.095860754
hlr,Incremental_MH,9,0.675589978
hlr,Incremental_MH,9,1.194880794
hlr,Incremental_MH,9,0.778190588
hlr,Incremental_MH,9,0.739091346
hlr,Incremental_MH,9,0.682959056
hlr,Incremental_MH,10,0.780337218
hlr,Incremental_MH,10,0.634864133
hlr,Incremental_MH,10,0.827422519
hlr,Incremental_MH,10,0.676175507
hlr,Incremental_MH,10,0.730619479
hlr,Incremental_MH,10,0.908852764
hlr,Incremental_MH,10,0.947177044
hlr,Incremental_MH,10,1.078500076
hlr,Incremental_MH,10,0.777414861
hlr,Incremental_MH,10,1.384164905
hlr,Incremental_MH,10,0.787755693
hlr,Incremental_MH,10,1.23220943
hlr,Incremental_MH,10,0.880216487
hlr,Incremental_MH,10,0.999729224
hlr,Incremental_MH,10,0.995998228
hlr,Incremental_MH,10,0.566387446
hlr,Incremental_MH,10,0.819942332
hlr,Incremental_MH,10,1.046075784
hlr,Incremental_MH,10,0.660543304
hlr,Incremental_MH,10,0.580156176
